source_path	target_path	size	sha256	source_sha256	transform
UploadFiles/xwzx/2025/11/202511011223272475.jpg	UploadFiles/xwzx/2025/11/202511011223272475.jpg	166137	10ee660763f9755a2217af0e46f6b6f4c83bb1852fffd7d8c9e584fda117e50a	10ee660763f9755a2217af0e46f6b6f4c83bb1852fffd7d8c9e584fda117e50a	
UploadFiles/xwzx/2025/11/202511011223276111.jpg	UploadFiles/xwzx/2025/11/202511011223276111.jpg	345345	e42713c8849e68361a8cb33611c3c229637eeba98fd1a91c287268fe44d6f4cf	e42713c8849e68361a8cb33611c3c229637eeba98fd1a91c287268fe44d6f4cf	
UploadFiles/xwzx/2025/11/202511031015478113.png	UploadFiles/xwzx/2025/11/202511031015478113.png	34039	9b1ff868556321a2c77c53b882a706fbab3e3204a6612eb4fbbf794afbf18dc4	9b1ff868556321a2c77c53b882a706fbab3e3204a6612eb4fbbf794afbf18dc4	
UploadFiles/xwzx/2025/11/202511031143039546.png	UploadFiles/xwzx/2025/11/202511031143039546.png	285482	b8b0ab32e4fa60095e84474e6726bce6369a540438c04b9c05428a494873b890	b8b0ab32e4fa60095e84474e6726bce6369a540438c04b9c05428a494873b890	
UploadFiles/xwzx/2025/11/202511031449290274.gif	UploadFiles/xwzx/2025/11/202511031449290274.gif	996	6a8c34408daee220b364f56261db307a68c0d8732f762bb90ddccb5482683677	6a8c34408daee220b364f56261db307a68c0d8732f762bb90ddccb5482683677	
UploadFiles/xwzx/2025/11/202511041503010133.jpg	UploadFiles/xwzx/2025/11/202511041503010133.jpg	161391	b79ec326b446040cc07054a17c03038b5fa48893dcf30d1d387de71db19c6253	b79ec326b446040cc07054a17c03038b5fa48893dcf30d1d387de71db19c6253	
UploadFiles/xwzx/2025/11/202511041503045097.jpg	UploadFiles/xwzx/2025/11/202511041503045097.jpg	107293	31ce105faef9e8fbefc56c90e100b27388d737f412efbd78dc1922d0de3601f3	31ce105faef9e8fbefc56c90e100b27388d737f412efbd78dc1922d0de3601f3	
UploadFiles/xwzx/2025/11/202511041503429538.jpg	UploadFiles/xwzx/2025/11/202511041503429538.jpg	128662	4b8bcf498c1933836f4ee041a71eed3686a29a0879b7a4900e3ed6af415a3e12	4b8bcf498c1933836f4ee041a71eed3686a29a0879b7a4900e3ed6af415a3e12	
UploadFiles/xwzx/2025/11/202511041503463048.jpg	UploadFiles/xwzx/2025/11/202511041503463048.jpg	88695	cd052d300a1f5b2352e48cbc2f33b5b4cc61fc1993a43625cf11c17a69917d0c	cd052d300a1f5b2352e48cbc2f33b5b4cc61fc1993a43625cf11c17a69917d0c	
UploadFiles/xwzx/2025/11/202511041615410277.png	UploadFiles/xwzx/2025/11/202511041615410277.png	33864	bc8acf598ed15c737124577730c085c34b50ed524553ae644616790c22af5dee	bc8acf598ed15c737124577730c085c34b50ed524553ae644616790c22af5dee	
UploadFiles/xwzx/2025/11/202511050800544620.PNG	UploadFiles/xwzx/2025/11/202511050800544620.png	56807	0433a0d6996cf9a3cc9d6e72d21952df15175df84754a17548c820a8911a3823	0433a0d6996cf9a3cc9d6e72d21952df15175df84754a17548c820a8911a3823	
UploadFiles/xwzx/2025/11/202511050926421684.jpg	UploadFiles/xwzx/2025/11/202511050926421684.jpg	240410	545c3d1f1706f3e2045e52e962709b08a356d8a8c3e8bd1d777891a3d5640d0d	545c3d1f1706f3e2045e52e962709b08a356d8a8c3e8bd1d777891a3d5640d0d	
UploadFiles/xwzx/2025/11/202511050926423475.jpg	UploadFiles/xwzx/2025/11/202511050926423475.jpg	255910	39c4a6aa590eb125ff375e3308200e05a2b9422f66d103ba4c224ce0fa6d699a	39c4a6aa590eb125ff375e3308200e05a2b9422f66d103ba4c224ce0fa6d699a	
UploadFiles/xwzx/2025/11/202511050940597324.png	UploadFiles/xwzx/2025/11/202511050940597324.png	37193	3e5c0cb52257cf1cdf1d6744293d1108fcd595c6c838cc55111a2d857ec76301	3e5c0cb52257cf1cdf1d6744293d1108fcd595c6c838cc55111a2d857ec76301	
UploadFiles/xwzx/2025/11/202511050946015380.png	UploadFiles/xwzx/2025/11/202511050946015380.png	34774	1fbdb98fa55c085a88e9680835b3712658ecd49f994ecbed0dfd92f2b6155ddd	1fbdb98fa55c085a88e9680835b3712658ecd49f994ecbed0dfd92f2b6155ddd	
UploadFiles/xwzx/2025/11/202511050958478304.png	UploadFiles/xwzx/2025/11/202511050958478304.png	34652	60987aacb596069323e3c5ffb13a4ed409e3b98c330dfcaaf8c999f7a73aa973	60987aacb596069323e3c5ffb13a4ed409e3b98c330dfcaaf8c999f7a73aa973	
UploadFiles/xwzx/2025/11/202511051026579448.png	UploadFiles/xwzx/2025/11/202511051026579448.png	33972	1e7b788bf5af8c9b009195e6b43b3e90a3bf5d627ea671dbf1cd488a85a0ed32	1e7b788bf5af8c9b009195e6b43b3e90a3bf5d627ea671dbf1cd488a85a0ed32	
UploadFiles/xwzx/2025/11/202511051648202174.PNG	UploadFiles/xwzx/2025/11/202511051648202174.png	68429	6e22da5eb73ef68dd362f6cf1b3f71ab954df0950700faf1758fb50af7d20766	6e22da5eb73ef68dd362f6cf1b3f71ab954df0950700faf1758fb50af7d20766	
UploadFiles/xwzx/2025/11/202511061532056411.jpeg	UploadFiles/xwzx/2025/11/202511061532056411.jpeg	2149847	4db09b76dbcacf2a3070e8dd81b1ca52edb5d57a79edc51d2701a0d4ef0e968c	4db09b76dbcacf2a3070e8dd81b1ca52edb5d57a79edc51d2701a0d4ef0e968c	
UploadFiles/xwzx/2025/11/202511061532076289.jpeg	UploadFiles/xwzx/2025/11/202511061532076289.jpeg	2205010	936e4e4266119a014990c48c7ba9df4ce7a4d7799b67008fcd41aebb8b16e8c6	936e4e4266119a014990c48c7ba9df4ce7a4d7799b67008fcd41aebb8b16e8c6	
UploadFiles/xwzx/2025/11/202511061532084445.jpeg	UploadFiles/xwzx/2025/11/202511061532084445.jpeg	4094382	1a0a6e9c38d85772e4886fac60a09218d6ca5459db55c6a6b4657bb505551d39	1a0a6e9c38d85772e4886fac60a09218d6ca5459db55c6a6b4657bb505551d39	
UploadFiles/xwzx/2025/11/202511061532096419.jpeg	UploadFiles/xwzx/2025/11/202511061532096419.jpeg	2272345	dea6e09feea2f8df83208fd2350cc192d80878391418d996da6f7e2f604af6fd	dea6e09feea2f8df83208fd2350cc192d80878391418d996da6f7e2f604af6fd	
UploadFiles/xwzx/2025/11/202511061532106931.jpeg	UploadFiles/xwzx/2025/11/202511061532106931.jpeg	2545476	e9ccda5c0d7b5b363fe779a89ef59b5bdf13a52c73bc318bf2de4d8792e0be59	e9ccda5c0d7b5b363fe779a89ef59b5bdf13a52c73bc318bf2de4d8792e0be59	
UploadFiles/xwzx/2025/11/202511061532111872.jpeg	UploadFiles/xwzx/2025/11/202511061532111872.jpeg	4220267	04df4e1c559f93e1a76996d9dbaa50bda73e3c91b09865f6662744324561fecf	04df4e1c559f93e1a76996d9dbaa50bda73e3c91b09865f6662744324561fecf	
UploadFiles/xwzx/2025/11/202511061532115201.jpeg	UploadFiles/xwzx/2025/11/202511061532115201.jpeg	2909406	be73bee437411cd9874db442afe062d335528e2e7a1cdc21c315cd392b8b05fc	be73bee437411cd9874db442afe062d335528e2e7a1cdc21c315cd392b8b05fc	
UploadFiles/xwzx/2025/11/202511061532137221.jpeg	UploadFiles/xwzx/2025/11/202511061532137221.jpeg	4189308	3c03970f73d138229adc40d7c704ba4f2c0a30cf459ad07258ea7f41a35833c5	3c03970f73d138229adc40d7c704ba4f2c0a30cf459ad07258ea7f41a35833c5	
UploadFiles/xwzx/2025/11/202511061532152965.jpeg	UploadFiles/xwzx/2025/11/202511061532152965.jpeg	2726902	8216e945b47e93f7d517a3bbe25c4a17d79b7097e75557b207fddd054296ea72	8216e945b47e93f7d517a3bbe25c4a17d79b7097e75557b207fddd054296ea72	
UploadFiles/xwzx/2025/11/202511061532176685.jpeg	UploadFiles/xwzx/2025/11/202511061532176685.jpeg	2964885	86a2635624268cf246593dcecf5d0b7ca4e142b0d0fab10daf4066958838c5e5	86a2635624268cf246593dcecf5d0b7ca4e142b0d0fab10daf4066958838c5e5	
UploadFiles/xwzx/2025/11/202511061532191260.jpeg	UploadFiles/xwzx/2025/11/202511061532191260.jpeg	2792509	54df56d3b796c9bfd75133e31eced251e2dccc7188e5037bf6f35a7244d48874	54df56d3b796c9bfd75133e31eced251e2dccc7188e5037bf6f35a7244d48874	
UploadFiles/xwzx/2025/11/202511061532209551.jpeg	UploadFiles/xwzx/2025/11/202511061532209551.jpeg	2670621	712d19b7ca1620d95d5478354c100e58edc90c55b639db42c077ce41fe34266a	712d19b7ca1620d95d5478354c100e58edc90c55b639db42c077ce41fe34266a	
UploadFiles/xwzx/2025/11/202511061532212620.jpeg	UploadFiles/xwzx/2025/11/202511061532212620.jpeg	4672811	68443ad8deb287d412cd25617bf27c5606cf7d40b982965ff16bfeaeb66f11d0	68443ad8deb287d412cd25617bf27c5606cf7d40b982965ff16bfeaeb66f11d0	
UploadFiles/xwzx/2025/11/202511061532217917.jpeg	UploadFiles/xwzx/2025/11/202511061532217917.jpeg	2936588	aa403e1945c87d219059c40ea7024eeb0d295cf503a9a398be4d88b630f5d210	aa403e1945c87d219059c40ea7024eeb0d295cf503a9a398be4d88b630f5d210	
UploadFiles/xwzx/2025/11/202511061532227863.jpeg	UploadFiles/xwzx/2025/11/202511061532227863.jpeg	2824206	a2b82c37c4d800476f07ebd4bc5a276933bb60736acf695f963788325bf04fa2	a2b82c37c4d800476f07ebd4bc5a276933bb60736acf695f963788325bf04fa2	
UploadFiles/xwzx/2025/11/202511061638129654.png	UploadFiles/xwzx/2025/11/202511061638129654.png	35147	3b90a805b20bf1e7211540ec26c2fe255df339e4a7378983ed930f1fe872d946	3b90a805b20bf1e7211540ec26c2fe255df339e4a7378983ed930f1fe872d946	
UploadFiles/xwzx/2025/11/202511071121160353.png	UploadFiles/xwzx/2025/11/202511071121160353.png	254951	17fbbb3dded44afd0ecb817f2b7266fa7e50a0263544692fc77ac8d50248e22a	17fbbb3dded44afd0ecb817f2b7266fa7e50a0263544692fc77ac8d50248e22a	
UploadFiles/xwzx/2025/11/202511071125390378.png	UploadFiles/xwzx/2025/11/202511071125390378.png	211836	0c9271b2444df7c7e7028bb5ce4e1253eb72d4e965d1a7cf295b7a2253de7f32	0c9271b2444df7c7e7028bb5ce4e1253eb72d4e965d1a7cf295b7a2253de7f32	
UploadFiles/xwzx/2025/11/202511071127296352.png	UploadFiles/xwzx/2025/11/202511071127296352.png	91263	4d5b56276e5e7a6257d933826dcbbafc1a97a861a51d00f9f73e087fca82e5d9	4d5b56276e5e7a6257d933826dcbbafc1a97a861a51d00f9f73e087fca82e5d9	
UploadFiles/xwzx/2025/11/202511071241086771.png	UploadFiles/xwzx/2025/11/202511071241086771.png	97585	13385507f7980037df36d01e7f65ec097f0308c4780b20bbee5526700f93a31d	13385507f7980037df36d01e7f65ec097f0308c4780b20bbee5526700f93a31d	
UploadFiles/xwzx/2025/11/202511071447200669.png	UploadFiles/xwzx/2025/11/202511071447200669.png	34402	c1176e3f4cec5fb8e652bb777bd8eece75c6edda2106db018548c43310b4fc73	c1176e3f4cec5fb8e652bb777bd8eece75c6edda2106db018548c43310b4fc73	
UploadFiles/xwzx/2025/11/202511071556333231.png	UploadFiles/xwzx/2025/11/202511071556333231.png	192236	464947f6ee35dc14b562901c83c412c56c5dc3b93b7aa69fb1501503bdd1549f	464947f6ee35dc14b562901c83c412c56c5dc3b93b7aa69fb1501503bdd1549f	
UploadFiles/xwzx/2025/11/202511071556335933.png	UploadFiles/xwzx/2025/11/202511071556335933.png	317066	fdfd790e7e99d642d5a4921f4e3d3b8f09d0a8b6f83a38f829c97f569a39f684	fdfd790e7e99d642d5a4921f4e3d3b8f09d0a8b6f83a38f829c97f569a39f684	
UploadFiles/xwzx/2025/11/202511101259598980.png	UploadFiles/xwzx/2025/11/202511101259598980.png	285482	b8b0ab32e4fa60095e84474e6726bce6369a540438c04b9c05428a494873b890	b8b0ab32e4fa60095e84474e6726bce6369a540438c04b9c05428a494873b890	
UploadFiles/xwzx/2025/11/202511101421515712.png	UploadFiles/xwzx/2025/11/202511101421515712.png	39300	9bc37e7799afe0ae7d244aab3c2c51e51c4eed8b4c75133d1c9e3bab21f789fd	9bc37e7799afe0ae7d244aab3c2c51e51c4eed8b4c75133d1c9e3bab21f789fd	
UploadFiles/xwzx/2025/11/202511101425139415.png	UploadFiles/xwzx/2025/11/202511101425139415.png	35936	72e7191b9ef32c982ce64579f1d283a58ff429243c52e0c7ce6232598496bb53	72e7191b9ef32c982ce64579f1d283a58ff429243c52e0c7ce6232598496bb53	
UploadFiles/xwzx/2025/11/202511101557323484.png	UploadFiles/xwzx/2025/11/202511101557323484.png	33735	f9ef8f8b8df827769a035f998bf6648884c367361c54387929732c73cd4e9362	f9ef8f8b8df827769a035f998bf6648884c367361c54387929732c73cd4e9362	
UploadFiles/xwzx/2025/11/202511111039003372.jpg	UploadFiles/xwzx/2025/11/202511111039003372.jpg	760031	f21d881a46c5ac24a098e04dceaa9b52800d48911deeb7b1229ff8d2947885a2	f21d881a46c5ac24a098e04dceaa9b52800d48911deeb7b1229ff8d2947885a2	
UploadFiles/xwzx/2025/11/202511111412369113.png	UploadFiles/xwzx/2025/11/202511111412369113.png	33792	451a565153013d327192d33a41b1e68d4c1c166fd3c2b13992254409948c3144	451a565153013d327192d33a41b1e68d4c1c166fd3c2b13992254409948c3144	
UploadFiles/xwzx/2025/11/202511111415400295.png	UploadFiles/xwzx/2025/11/202511111415400295.png	34610	bf28f4e542cca357a0e4536f4853c469f5aefb3d2adc04c7e5a21243ea4fda3f	bf28f4e542cca357a0e4536f4853c469f5aefb3d2adc04c7e5a21243ea4fda3f	
UploadFiles/xwzx/2025/11/202511120859528732.png	UploadFiles/xwzx/2025/11/202511120859528732.png	213841	94351e20e54b02ca3fc77c8423f0adc10075a217b8b74bfe5e84dc05fd184f40	94351e20e54b02ca3fc77c8423f0adc10075a217b8b74bfe5e84dc05fd184f40	
UploadFiles/xwzx/2025/11/202511121054189768.png	UploadFiles/xwzx/2025/11/202511121054189768.png	64987	3d50dda61e06764dc7a68bdf79352fa7e2d8bcfd1f5f25ab48b3719d74501de3	3d50dda61e06764dc7a68bdf79352fa7e2d8bcfd1f5f25ab48b3719d74501de3	
UploadFiles/xwzx/2025/11/202511121448052243.png	UploadFiles/xwzx/2025/11/202511121448052243.png	97015	cdd57ef4726a8f42538a04b87b34d26a1e1adfcd4550fabaa2c13a99a3a4e4c5	cdd57ef4726a8f42538a04b87b34d26a1e1adfcd4550fabaa2c13a99a3a4e4c5	
UploadFiles/xwzx/2025/11/202511121519390414.png	UploadFiles/xwzx/2025/11/202511121519390414.png	37487	74dbd6b8495a8194307eba9713dd46bda2340f2a89098bb2de6fe682ecbac4c4	74dbd6b8495a8194307eba9713dd46bda2340f2a89098bb2de6fe682ecbac4c4	
UploadFiles/xwzx/2025/11/202511131142501332.png	UploadFiles/xwzx/2025/11/202511131142501332.png	134695	9be79960f6cc65646012e905ffa0c402b62c8ee54c154a91297f48f89fae6df5	9be79960f6cc65646012e905ffa0c402b62c8ee54c154a91297f48f89fae6df5	
UploadFiles/xwzx/2025/11/202511131142503634.png	UploadFiles/xwzx/2025/11/202511131142503634.png	66951	c253cb4c6dc8700a3edff67e2cb164c1da7352f967b0384a214d9e834c22f3f1	c253cb4c6dc8700a3edff67e2cb164c1da7352f967b0384a214d9e834c22f3f1	
UploadFiles/xwzx/2025/11/202511131142515752.png	UploadFiles/xwzx/2025/11/202511131142515752.png	127563	003fb77f288c697b53a08f1fe9a38b83c90bb9595747a3cb4f15a3cf51aaf85b	003fb77f288c697b53a08f1fe9a38b83c90bb9595747a3cb4f15a3cf51aaf85b	
UploadFiles/xwzx/2025/11/202511131500006789.png	UploadFiles/xwzx/2025/11/202511131500006789.png	34700	42d051c80c1a2adba6b857678ce71490b33a64dd44548e94606109ab4d281dfc	42d051c80c1a2adba6b857678ce71490b33a64dd44548e94606109ab4d281dfc	
UploadFiles/xwzx/2025/11/202511131608023892.png	UploadFiles/xwzx/2025/11/202511131608023892.png	33871	7290fd0f067c29cbfd9e1a4463d8194889faa9c798e73cf312ca216f994de3b0	7290fd0f067c29cbfd9e1a4463d8194889faa9c798e73cf312ca216f994de3b0	
UploadFiles/xwzx/2025/11/202511141513503731.png	UploadFiles/xwzx/2025/11/202511141513503731.png	39819	92002cf9a559753ac8d40ec83ffd843e818da8d536e39193caf70761d4b8e7d5	92002cf9a559753ac8d40ec83ffd843e818da8d536e39193caf70761d4b8e7d5	
UploadFiles/xwzx/2025/11/202511141520047363.gif	UploadFiles/xwzx/2025/11/202511141520047363.gif	1007	163cc66ea50ed88a0477749b55dbe6b10fd3d1d183af23c0081b1e74f0b4df48	163cc66ea50ed88a0477749b55dbe6b10fd3d1d183af23c0081b1e74f0b4df48	
UploadFiles/xwzx/2025/11/202511141615079823.png	UploadFiles/xwzx/2025/11/202511141615079823.png	33660	0482a4c4da530b86887ca4ca29bce64780479a1765e1bbef113eb4cf7d2fb228	0482a4c4da530b86887ca4ca29bce64780479a1765e1bbef113eb4cf7d2fb228	
UploadFiles/xwzx/2025/11/202511171029241409.jpg	UploadFiles/xwzx/2025/11/202511171029241409.jpg	141841	736e4e328eafede3f0118cbc16730869f9e163099bd4d49ea4b84266bdebed52	736e4e328eafede3f0118cbc16730869f9e163099bd4d49ea4b84266bdebed52	
UploadFiles/xwzx/2025/11/202511171029244260.jpg	UploadFiles/xwzx/2025/11/202511171029244260.jpg	174875	a79a14b0f7f81442d909a18a7337cdfedbb9cbd1308a7203f50e50d3e8f3c94a	a79a14b0f7f81442d909a18a7337cdfedbb9cbd1308a7203f50e50d3e8f3c94a	
UploadFiles/xwzx/2025/11/202511171124387657.png	UploadFiles/xwzx/2025/11/202511171124387657.png	249115	1d3a4b0ecc8db9d9c98ed92174920d2cb2986a9170a99bb91cad3ba693fa1771	1d3a4b0ecc8db9d9c98ed92174920d2cb2986a9170a99bb91cad3ba693fa1771	
UploadFiles/xwzx/2025/11/202511171127558091.png	UploadFiles/xwzx/2025/11/202511171127558091.png	243547	994db1e70533246a2571f242d43bd9f8d5f071d1388f0c5b8256c6aeca83c2ba	994db1e70533246a2571f242d43bd9f8d5f071d1388f0c5b8256c6aeca83c2ba	
UploadFiles/xwzx/2025/11/202511171406121304.png	UploadFiles/xwzx/2025/11/202511171406121304.png	33683	39878e08a710032e0d8f5cccb420aad441de9320c362d6b9fdfa0ab96c8c0ce0	39878e08a710032e0d8f5cccb420aad441de9320c362d6b9fdfa0ab96c8c0ce0	
UploadFiles/xwzx/2025/11/202511171454013183.jpg	UploadFiles/xwzx/2025/11/202511171454013183.jpg	372912	d5a337ddad1a46a37c6cd2a5a624978d7ae1ae9f93ae33f0b3f3d842d4bb7fa8	d5a337ddad1a46a37c6cd2a5a624978d7ae1ae9f93ae33f0b3f3d842d4bb7fa8	
UploadFiles/xwzx/2025/11/202511171455364595.png	UploadFiles/xwzx/2025/11/202511171455364595.png	2174479	6d90d2e7df3f570a7d2223a9cc88495252ac1226d88fa4c6271c49e6832fbf8f	6d90d2e7df3f570a7d2223a9cc88495252ac1226d88fa4c6271c49e6832fbf8f	
UploadFiles/xwzx/2025/11/202511171457125148.png	UploadFiles/xwzx/2025/11/202511171457125148.png	333197	5c5af5f0ac0b1d62d2c205d5acb2b6cdb4ce6dcc9c550b5649b8ba5d6748609a	5c5af5f0ac0b1d62d2c205d5acb2b6cdb4ce6dcc9c550b5649b8ba5d6748609a	
UploadFiles/xwzx/2025/11/202511171622504677.png	UploadFiles/xwzx/2025/11/202511171622504677.png	1452273	599d3ee72f49e16a6dd1e910ba2ce1ae69ecacf2df1463cb210f2b4d802e79ca	599d3ee72f49e16a6dd1e910ba2ce1ae69ecacf2df1463cb210f2b4d802e79ca	
UploadFiles/xwzx/2025/11/202511171622561000.png	UploadFiles/xwzx/2025/11/202511171622561000.png	1628287	15a6c4e42769b2e49df865f021000ef4a314cfa8dd252c5878b7edb166c23c68	15a6c4e42769b2e49df865f021000ef4a314cfa8dd252c5878b7edb166c23c68	
UploadFiles/xwzx/2025/11/202511171623028443.png	UploadFiles/xwzx/2025/11/202511171623028443.png	1622626	979aa6eb761daed44d98bc17008b0f20914adafb2d2e9aeed4560364610bc276	979aa6eb761daed44d98bc17008b0f20914adafb2d2e9aeed4560364610bc276	
UploadFiles/xwzx/2025/11/202511171623068254.png	UploadFiles/xwzx/2025/11/202511171623068254.png	1757733	9f3730b33765333448686e739bdb026ebe572aadbc224615a6bea8c352ad7cb4	9f3730b33765333448686e739bdb026ebe572aadbc224615a6bea8c352ad7cb4	
UploadFiles/xwzx/2025/11/202511171916375282.png	UploadFiles/xwzx/2025/11/202511171916375282.png	31084	b405a70cb3965999e4ef061315d7d2cd5b36c100a0d2190ee09cc07dc037a80c	b405a70cb3965999e4ef061315d7d2cd5b36c100a0d2190ee09cc07dc037a80c	
UploadFiles/xwzx/2025/11/202511181630461542.png	UploadFiles/xwzx/2025/11/202511181630461542.png	34187	41855c4e80d397b093ea119756f3363a4e0453a3938c13e0b1221d5e702e005b	41855c4e80d397b093ea119756f3363a4e0453a3938c13e0b1221d5e702e005b	
UploadFiles/xwzx/2025/11/202511201547493990.png	UploadFiles/xwzx/2025/11/202511201547493990.png	34580	df5aeb10716a401c3975ec8941b1e85abe4e9c3319f234d47b68f4b0ac86fa97	df5aeb10716a401c3975ec8941b1e85abe4e9c3319f234d47b68f4b0ac86fa97	
UploadFiles/xwzx/2025/11/202511201551271928.png	UploadFiles/xwzx/2025/11/202511201551271928.png	34038	e1697d567e6db94bc2b79d500621aebe7dd23a9cbc47f96aaf5164433d794bea	e1697d567e6db94bc2b79d500621aebe7dd23a9cbc47f96aaf5164433d794bea	
UploadFiles/xwzx/2025/11/202511211219338546.png	UploadFiles/xwzx/2025/11/202511211219338546.png	308650	0393b092921349484413905fbbb48a9af950bed70a3bc475522cebdcb4c1f6fb	0393b092921349484413905fbbb48a9af950bed70a3bc475522cebdcb4c1f6fb	
UploadFiles/xwzx/2025/11/202511211219349156.png	UploadFiles/xwzx/2025/11/202511211219349156.png	345861	5ad124ba506ab619edc9d2173e5ece54b6dbf9c6ef489b37f1a431acfbc61b6a	5ad124ba506ab619edc9d2173e5ece54b6dbf9c6ef489b37f1a431acfbc61b6a	
UploadFiles/xwzx/2025/11/202511211421294709.png	UploadFiles/xwzx/2025/11/202511211421294709.png	12452	14c083b28ddfeef97ac1b7b3c1a60721effad640255a2efb619d0ee3f1789e64	14c083b28ddfeef97ac1b7b3c1a60721effad640255a2efb619d0ee3f1789e64	
UploadFiles/xwzx/2025/11/202511211421544343.png	UploadFiles/xwzx/2025/11/202511211421544343.png	221089	02a5e4b056511f9dab831b169d46a4107f6826fd201b75d1d2ce4d8cfeed1fa1	02a5e4b056511f9dab831b169d46a4107f6826fd201b75d1d2ce4d8cfeed1fa1	
UploadFiles/xwzx/2025/11/202511211427289853.png	UploadFiles/xwzx/2025/11/202511211427289853.png	124289	0276166659ec6da9cf644f0635d9bcd2e3f4cf0386c452eae97f2f88d888dff1	0276166659ec6da9cf644f0635d9bcd2e3f4cf0386c452eae97f2f88d888dff1	
UploadFiles/xwzx/2025/11/202511211428150945.png	UploadFiles/xwzx/2025/11/202511211428150945.png	172556	02057dd519a58801a9e365878509ad03aafe99337d7f27a2905b4205af45a6e0	02057dd519a58801a9e365878509ad03aafe99337d7f27a2905b4205af45a6e0	
UploadFiles/xwzx/2025/11/202511211442447687.png	UploadFiles/xwzx/2025/11/202511211442447687.png	35366	dc90166533d66f78888177b6bbef7f33f7d7743f9b2c9063a37e6a79927f6d3f	dc90166533d66f78888177b6bbef7f33f7d7743f9b2c9063a37e6a79927f6d3f	
UploadFiles/xwzx/2025/11/202511211517037904.png	UploadFiles/xwzx/2025/11/202511211517037904.png	92618	33052fcbb90375833b36dda553f63f8b2ddde753bb264a2963f944a61843727d	33052fcbb90375833b36dda553f63f8b2ddde753bb264a2963f944a61843727d	
UploadFiles/xwzx/2025/11/202511240810231589.PNG	UploadFiles/xwzx/2025/11/202511240810231589.png	222186	ab15be5d4bb3f07d1b7bca810f09f2d6606838ae30b2929313ed24a0b2934953	ab15be5d4bb3f07d1b7bca810f09f2d6606838ae30b2929313ed24a0b2934953	
UploadFiles/xwzx/2025/11/202511240818482223.png	UploadFiles/xwzx/2025/11/202511240818482223.png	272764	b6d818d443e0eabac44c256b85184e2bb564ef3b7782af5d5d407978d5d4c8bc	b6d818d443e0eabac44c256b85184e2bb564ef3b7782af5d5d407978d5d4c8bc	
UploadFiles/xwzx/2025/11/202511241423128562.png	UploadFiles/xwzx/2025/11/202511241423128562.png	35414	12acd5e0aeb50c403b94cdf46882a4c63a3a01edb93106cedcfa0b36d89110af	12acd5e0aeb50c403b94cdf46882a4c63a3a01edb93106cedcfa0b36d89110af	
UploadFiles/xwzx/2025/11/202511241547145990.png	UploadFiles/xwzx/2025/11/202511241547145990.png	19782	079095fba51c65ab742d109cf4be2b6922f311d3ce01c5d0ad932dc63e888c05	079095fba51c65ab742d109cf4be2b6922f311d3ce01c5d0ad932dc63e888c05	
UploadFiles/xwzx/2025/11/202511250840176728.png	UploadFiles/xwzx/2025/11/202511250840176728.png	1554823	a7dd1a07029b230d4a12b07f490719bb992722f053b8fbe282ced00ef0caf0df	a7dd1a07029b230d4a12b07f490719bb992722f053b8fbe282ced00ef0caf0df	
UploadFiles/xwzx/2025/11/202511251042430419.png	UploadFiles/xwzx/2025/11/202511251042430419.png	2809103	0e61879916c6f64fb5f63220d2b4549a04682d2c249ef40bc1d113bcdb7a483f	0e61879916c6f64fb5f63220d2b4549a04682d2c249ef40bc1d113bcdb7a483f	
UploadFiles/xwzx/2025/11/202511251348284330.png	UploadFiles/xwzx/2025/11/202511251348284330.png	13632	9b51069dd42b21a32f55c50327f45e157729539a9d2f91da87e446527cf6f659	9b51069dd42b21a32f55c50327f45e157729539a9d2f91da87e446527cf6f659	
UploadFiles/xwzx/2025/11/202511251643459622.png	UploadFiles/xwzx/2025/11/202511251643459622.png	33889	ee48cf02b571bb45c11d397ed949d43fa2189e547073b182f81d75542e82c8f6	ee48cf02b571bb45c11d397ed949d43fa2189e547073b182f81d75542e82c8f6	
UploadFiles/xwzx/2025/11/202511261444564045.png	UploadFiles/xwzx/2025/11/202511261444564045.png	33928	ebfb9f154d084397a5a4b0e102090ef04d0ef62f626b1225e15bc00fad6ca372	ebfb9f154d084397a5a4b0e102090ef04d0ef62f626b1225e15bc00fad6ca372	
UploadFiles/xwzx/2025/11/202511271434456780.png	UploadFiles/xwzx/2025/11/202511271434456780.png	33973	03f5c75e8bdaa6b15d8704189c4988f9dab0b053ae8b6a08a4895bd7e2bc5179	03f5c75e8bdaa6b15d8704189c4988f9dab0b053ae8b6a08a4895bd7e2bc5179	
UploadFiles/xwzx/2025/11/202511271536458075.png	UploadFiles/xwzx/2025/11/202511271536458075.png	33742	550e19facfeb156b8d7387c3073bd053786941d01c583d02db7a910c0c11b471	550e19facfeb156b8d7387c3073bd053786941d01c583d02db7a910c0c11b471	
UploadFiles/xwzx/2025/11/202511281232025223.png	UploadFiles/xwzx/2025/11/202511281232025223.png	634746	cb2c0b31794252c59572dcc11cd1455a4f5e7e4b559f6d2947130c8d4b66dc54	cb2c0b31794252c59572dcc11cd1455a4f5e7e4b559f6d2947130c8d4b66dc54	
UploadFiles/xwzx/2025/11/202511281541453646.png	UploadFiles/xwzx/2025/11/202511281541453646.png	30793	69dcd48aff8c1138b8280f09ea4e06cecb2f74f0c8f207739b35c1f3a27d5b26	69dcd48aff8c1138b8280f09ea4e06cecb2f74f0c8f207739b35c1f3a27d5b26	
UploadFiles/xwzx/2025/11/202511281635252104.png	UploadFiles/xwzx/2025/11/202511281635252104.png	37876	117724735859fdacd008de81d6e405ecc6b6a0917f8e607a59eb32e078f67f9f	117724735859fdacd008de81d6e405ecc6b6a0917f8e607a59eb32e078f67f9f	
UploadFiles/xwzx/2025/11/202511281639217560.png	UploadFiles/xwzx/2025/11/202511281639217560.png	35159	15d2c931e3aebc1cf9f90127e03205539b9dc444655b584f978f2fa682001b93	15d2c931e3aebc1cf9f90127e03205539b9dc444655b584f978f2fa682001b93	
UploadFiles/xwzx/2025/12/202512010836442407.jpg	UploadFiles/xwzx/2025/12/202512010836442407.jpg	2573329	e84156b46ff403c139529df1ce523f0de0cdc0c8a182dce92070c5da3cd6032f	e84156b46ff403c139529df1ce523f0de0cdc0c8a182dce92070c5da3cd6032f	
UploadFiles/xwzx/2025/12/202512010836447867.jpg	UploadFiles/xwzx/2025/12/202512010836447867.jpg	1743365	f4cb43a71f8acf589f335674c5b6ebdfb50d60b900d11b5289808d199e9b7ad4	f4cb43a71f8acf589f335674c5b6ebdfb50d60b900d11b5289808d199e9b7ad4	
UploadFiles/xwzx/2025/12/202512010836452021.jpg	UploadFiles/xwzx/2025/12/202512010836452021.jpg	2077285	44c0ba27e5558848b871473ecdcd683256321d4dbbc8501244902f37f0282d0e	44c0ba27e5558848b871473ecdcd683256321d4dbbc8501244902f37f0282d0e	
UploadFiles/xwzx/2025/12/202512010836461583.jpg	UploadFiles/xwzx/2025/12/202512010836461583.jpg	4316060	cf471cafa222ca18608107b8d7c1602710a0039af8788bd55fa899a19f4feca4	cf471cafa222ca18608107b8d7c1602710a0039af8788bd55fa899a19f4feca4	
UploadFiles/xwzx/2025/12/202512010836474516.jpg	UploadFiles/xwzx/2025/12/202512010836474516.jpg	2970222	29138c485c498e3f8c353b313e7b2fd4a1026106657ec6cf0a45a36c64c2c6c0	29138c485c498e3f8c353b313e7b2fd4a1026106657ec6cf0a45a36c64c2c6c0	
UploadFiles/xwzx/2025/12/202512010836520414.jpg	UploadFiles/xwzx/2025/12/202512010836520414.jpg	13842196	75c885175f6b89a12e283ea317a14c3727a5f937e10ecd7161a02d507e5405fc	75c885175f6b89a12e283ea317a14c3727a5f937e10ecd7161a02d507e5405fc	
UploadFiles/xwzx/2025/12/202512010836565783.jpg	UploadFiles/xwzx/2025/12/202512010836565783.jpg	15558134	2041136cdfebedc022a522bce639b617a1eb8c5f6594b42eb0e8925cd5277028	2041136cdfebedc022a522bce639b617a1eb8c5f6594b42eb0e8925cd5277028	
UploadFiles/xwzx/2025/12/202512010836590621.jpg	UploadFiles/xwzx/2025/12/202512010836590621.jpg	15514321	5dce4f9ff6bc7db8fd612821fa4b33439ffb3c82a0503c27bbcdfa1b5cffa065	5dce4f9ff6bc7db8fd612821fa4b33439ffb3c82a0503c27bbcdfa1b5cffa065	
UploadFiles/xwzx/2025/12/202512010837004714.jpg	UploadFiles/xwzx/2025/12/202512010837004714.jpg	2119320	1196db642cca09d9743b4d02724b69d87f44ac2995d0f1101458a07ddee967cb	1196db642cca09d9743b4d02724b69d87f44ac2995d0f1101458a07ddee967cb	
UploadFiles/xwzx/2025/12/202512010837021901.jpg	UploadFiles/xwzx/2025/12/202512010837021901.jpg	13490258	5d3c0b64381876050e906a2e798e17ca61f085d3b5c833180e60dbf9da07d4c8	5d3c0b64381876050e906a2e798e17ca61f085d3b5c833180e60dbf9da07d4c8	
UploadFiles/xwzx/2025/12/202512010837025404.jpg	UploadFiles/xwzx/2025/12/202512010837025404.jpg	1911235	da2b71c485ab7d6aaad3c8fcc5b8926475fe0dd24eb35eabe73c2d793819ae20	da2b71c485ab7d6aaad3c8fcc5b8926475fe0dd24eb35eabe73c2d793819ae20	
UploadFiles/xwzx/2025/12/202512010837035180.jpg	UploadFiles/xwzx/2025/12/202512010837035180.jpg	2130059	2b9e4e3b332849ecb7d11c5e54d0bc69731ba8f5910d224627f61eac6c3f3334	2b9e4e3b332849ecb7d11c5e54d0bc69731ba8f5910d224627f61eac6c3f3334	
UploadFiles/xwzx/2025/12/202512010837043745.jpg	UploadFiles/xwzx/2025/12/202512010837043745.jpg	1974523	44a15e415ab85894aa0a58f00ac2ecf6d36d5df4f8ce0916f51d4e8389eff373	44a15e415ab85894aa0a58f00ac2ecf6d36d5df4f8ce0916f51d4e8389eff373	
UploadFiles/xwzx/2025/12/202512010837064883.jpg	UploadFiles/xwzx/2025/12/202512010837064883.jpg	1468183	89724ae306fd17485751b08cccc343bf1031455d46f9e6c7d172cd0967a1d725	89724ae306fd17485751b08cccc343bf1031455d46f9e6c7d172cd0967a1d725	
UploadFiles/xwzx/2025/12/202512010837076215.jpg	UploadFiles/xwzx/2025/12/202512010837076215.jpg	14989785	2bf6673c0ab30d2c5964b27ea575dd7d9fb7bf689bf94fd152dbf67e61b5afd1	2bf6673c0ab30d2c5964b27ea575dd7d9fb7bf689bf94fd152dbf67e61b5afd1	
UploadFiles/xwzx/2025/12/202512010837085776.jpg	UploadFiles/xwzx/2025/12/202512010837085776.jpg	1933361	a439a63cd7e47a8eeb2e5a5ee2ee35edfdc649e6d71c3cc39e970ead68ba4908	a439a63cd7e47a8eeb2e5a5ee2ee35edfdc649e6d71c3cc39e970ead68ba4908	
UploadFiles/xwzx/2025/12/202512010837087163.jpg	UploadFiles/xwzx/2025/12/202512010837087163.jpg	1959679	80f17246fb3559abc13c8a27dc2008a56ad708762ede55c6668fd8448b0ddc54	80f17246fb3559abc13c8a27dc2008a56ad708762ede55c6668fd8448b0ddc54	
UploadFiles/xwzx/2025/12/202512010837094379.jpg	UploadFiles/xwzx/2025/12/202512010837094379.jpg	2063808	c2101e84d8e41b22afbf81921b48881ae21cdb57e90f9fe232e4c6af853db6b9	c2101e84d8e41b22afbf81921b48881ae21cdb57e90f9fe232e4c6af853db6b9	
UploadFiles/xwzx/2025/12/202512010837103994.jpg	UploadFiles/xwzx/2025/12/202512010837103994.jpg	13636094	b98a0b21802c7b70193452b8320227f06fd658efe2456fbac21decd4b8e4bb6f	b98a0b21802c7b70193452b8320227f06fd658efe2456fbac21decd4b8e4bb6f	
UploadFiles/xwzx/2025/12/202512010837104740.jpg	UploadFiles/xwzx/2025/12/202512010837104740.jpg	2236307	6055ed7e8cd1ab40690d1f514955a9794af117c44a3d29d6ae3a5526185c86df	6055ed7e8cd1ab40690d1f514955a9794af117c44a3d29d6ae3a5526185c86df	
UploadFiles/xwzx/2025/12/202512010837168802.jpg	UploadFiles/xwzx/2025/12/202512010837168802.jpg	10747715	48c1bf4c75ef9fab6bcb700c7f6332b3a444426bc28e29e188052cc025df0c6a	48c1bf4c75ef9fab6bcb700c7f6332b3a444426bc28e29e188052cc025df0c6a	
UploadFiles/xwzx/2025/12/202512010837212775.jpg	UploadFiles/xwzx/2025/12/202512010837212775.jpg	13488514	c6e97c379f589a5273123f62a1103f9c2600f15aae82a470c1aa87f850b2fe8c	c6e97c379f589a5273123f62a1103f9c2600f15aae82a470c1aa87f850b2fe8c	
UploadFiles/xwzx/2025/12/202512010837219872.jpg	UploadFiles/xwzx/2025/12/202512010837219872.jpg	14180573	d88934eee03ee40bae0598c2fdac0225061e3969333111e2c9a90620c1456dbe	d88934eee03ee40bae0598c2fdac0225061e3969333111e2c9a90620c1456dbe	
UploadFiles/xwzx/2025/12/202512010837232583.jpg	UploadFiles/xwzx/2025/12/202512010837232583.jpg	13660099	28a0ff0c63c261fa1ad343fca5d399a7ac51b419d9d1f35f6bd4f84441256146	28a0ff0c63c261fa1ad343fca5d399a7ac51b419d9d1f35f6bd4f84441256146	
UploadFiles/xwzx/2025/12/202512010837282434.jpg	UploadFiles/xwzx/2025/12/202512010837282434.jpg	13379944	896830321f61d82c67f032d1ae5d056091c07f46ed7f827dee1373333d3faca9	896830321f61d82c67f032d1ae5d056091c07f46ed7f827dee1373333d3faca9	
UploadFiles/xwzx/2025/12/202512010837294469.jpg	UploadFiles/xwzx/2025/12/202512010837294469.jpg	15226132	90b3156d130c193a5a45d4adb2c77ed0e87f19c15049173c5b2978442f66fca3	90b3156d130c193a5a45d4adb2c77ed0e87f19c15049173c5b2978442f66fca3	
UploadFiles/xwzx/2025/12/202512010839572027.jpg	UploadFiles/xwzx/2025/12/202512010839572027.jpg	17314125	8e83367becff2709ca7c8b09ee8306ed60d5420eadf716aeab4cd6f8904b37d1	8e83367becff2709ca7c8b09ee8306ed60d5420eadf716aeab4cd6f8904b37d1	
UploadFiles/xwzx/2025/12/202512010839586011.jpg	UploadFiles/xwzx/2025/12/202512010839586011.jpg	20060315	df016048c85178b72199dffa735698524fd4918fc37b600814e8d3b165335a40	df016048c85178b72199dffa735698524fd4918fc37b600814e8d3b165335a40	
UploadFiles/xwzx/2025/12/202512010840019096.jpg	UploadFiles/xwzx/2025/12/202512010840019096.jpg	8015480	caab9a0c3198bd6d5ce64174467d80a13a6b8ddaaed622b91167078793919878	caab9a0c3198bd6d5ce64174467d80a13a6b8ddaaed622b91167078793919878	
UploadFiles/xwzx/2025/12/202512010840039166.jpg	UploadFiles/xwzx/2025/12/202512010840039166.jpg	7875674	f504691b0565be61683290709107db1993c49963f2baf541cef54ac459a3ff4d	f504691b0565be61683290709107db1993c49963f2baf541cef54ac459a3ff4d	
UploadFiles/xwzx/2025/12/202512010840060303.jpg	UploadFiles/xwzx/2025/12/202512010840060303.jpg	8394155	97c3714c2bb9007e49eadd721dcd93983a5b042217a606beb91ab4591f2ebef4	97c3714c2bb9007e49eadd721dcd93983a5b042217a606beb91ab4591f2ebef4	
UploadFiles/xwzx/2025/12/202512010840099044.jpg	UploadFiles/xwzx/2025/12/202512010840099044.jpg	9006064	6f0ecfd36d54bd5a666f9af9ac53f1da6e17cadf3814bc065e3eb21623d78cda	6f0ecfd36d54bd5a666f9af9ac53f1da6e17cadf3814bc065e3eb21623d78cda	
UploadFiles/xwzx/2025/12/202512010840117182.jpg	UploadFiles/xwzx/2025/12/202512010840117182.jpg	9250897	43d0699b8bdd36e30148c56550fa20b6b3579964019b4bbb0a11f577cab2a1a2	43d0699b8bdd36e30148c56550fa20b6b3579964019b4bbb0a11f577cab2a1a2	
UploadFiles/xwzx/2025/12/202512010840158928.jpg	UploadFiles/xwzx/2025/12/202512010840158928.jpg	22214427	9caa0509a017f145f424b3f46c85b0196bf6bb52a2e83f8762e4a425b727b645	9caa0509a017f145f424b3f46c85b0196bf6bb52a2e83f8762e4a425b727b645	
UploadFiles/xwzx/2025/12/202512010840166247.jpg	UploadFiles/xwzx/2025/12/202512010840166247.jpg	19685952	40d059620caadf9ba3aa1138fa6e91fd32f306c5675c2e4b853b39b42683bf36	40d059620caadf9ba3aa1138fa6e91fd32f306c5675c2e4b853b39b42683bf36	
UploadFiles/xwzx/2025/12/202512010840212632.jpg	UploadFiles/xwzx/2025/12/202512010840212632.jpg	11234751	1a0ea187c3e0432d317945d6c1529b5709d80e087d94468c65722187bda89fe3	1a0ea187c3e0432d317945d6c1529b5709d80e087d94468c65722187bda89fe3	
UploadFiles/xwzx/2025/12/202512010840259365.jpg	UploadFiles/xwzx/2025/12/202512010840259365.jpg	21261234	c42fff4de2973fde9f33b6cca5f1af4105223803539b1fe02a9cfd68b7b55861	c42fff4de2973fde9f33b6cca5f1af4105223803539b1fe02a9cfd68b7b55861	
UploadFiles/xwzx/2025/12/202512010840265097.jpg	UploadFiles/xwzx/2025/12/202512010840265097.jpg	8571528	67a9d985b3447e0dc6ff3d1a63366fbf43fcc9b24c5eaebfc27bc5e28d23ef00	67a9d985b3447e0dc6ff3d1a63366fbf43fcc9b24c5eaebfc27bc5e28d23ef00	
UploadFiles/xwzx/2025/12/202512010840304181.jpg	UploadFiles/xwzx/2025/12/202512010840304181.jpg	7041663	76d00b738e1fb0e1a655c2cae14624113b5985805a4dc3b3d182772d4942682f	76d00b738e1fb0e1a655c2cae14624113b5985805a4dc3b3d182772d4942682f	
UploadFiles/xwzx/2025/12/202512010840314742.jpg	UploadFiles/xwzx/2025/12/202512010840314742.jpg	9856463	f30223c0b754bf0bbd3d05e5253578ecba558673a626e9234fe7245a1dc785f3	f30223c0b754bf0bbd3d05e5253578ecba558673a626e9234fe7245a1dc785f3	
UploadFiles/xwzx/2025/12/202512010840315794.jpg	UploadFiles/xwzx/2025/12/202512010840315794.jpg	10552678	4c4c33b1a360e9a8a2515ca46cd6cc47e30eb55be7ecbaf947b81419afdc580b	4c4c33b1a360e9a8a2515ca46cd6cc47e30eb55be7ecbaf947b81419afdc580b	
UploadFiles/xwzx/2025/12/202512010840352829.jpg	UploadFiles/xwzx/2025/12/202512010840352829.jpg	9834652	39db97a07137bf8efee592fa9194d9585308726a8bddcc523fd5d06e4679f223	39db97a07137bf8efee592fa9194d9585308726a8bddcc523fd5d06e4679f223	
UploadFiles/xwzx/2025/12/202512010840377196.jpg	UploadFiles/xwzx/2025/12/202512010840377196.jpg	8155903	94e36f0e3e4332434e0f8557c7d7a58c7b494d77a7f3912a301847b6b4885eb4	94e36f0e3e4332434e0f8557c7d7a58c7b494d77a7f3912a301847b6b4885eb4	
UploadFiles/xwzx/2025/12/202512010840436944.jpg	UploadFiles/xwzx/2025/12/202512010840436944.jpg	16324446	e75e5438fcd5b98a3e02b7df264dac24afd6426584cde53c5c7d08b66b61db8c	e75e5438fcd5b98a3e02b7df264dac24afd6426584cde53c5c7d08b66b61db8c	
UploadFiles/xwzx/2025/12/202512010840439836.jpg	UploadFiles/xwzx/2025/12/202512010840439836.jpg	12457167	eb0cc6be4ed2996617f46632a1d428ea3830fa3eac885808b15705810af1b354	eb0cc6be4ed2996617f46632a1d428ea3830fa3eac885808b15705810af1b354	
UploadFiles/xwzx/2025/12/202512010840464997.jpg	UploadFiles/xwzx/2025/12/202512010840464997.jpg	21138510	c629e7d78cf91537b9815a1f3ced5a57e52cc690b797cf580d6f9d0ed1a9a9ac	c629e7d78cf91537b9815a1f3ced5a57e52cc690b797cf580d6f9d0ed1a9a9ac	
UploadFiles/xwzx/2025/12/202512011438357978.png	UploadFiles/xwzx/2025/12/202512011438357978.png	33670	2dc3e7f2e5f7c4e705ceec57087ce566a3eed72f179d16b02c9306af283f41ea	2dc3e7f2e5f7c4e705ceec57087ce566a3eed72f179d16b02c9306af283f41ea	
UploadFiles/xwzx/2025/12/202512011439017682.png	UploadFiles/xwzx/2025/12/202512011439017682.png	39009	b63f8e75692b3a72971485a444173a4d237ec5fcbbafa94b0cfdb09eafcf879b	b63f8e75692b3a72971485a444173a4d237ec5fcbbafa94b0cfdb09eafcf879b	
UploadFiles/xwzx/2025/12/202512011440250094.png	UploadFiles/xwzx/2025/12/202512011440250094.png	35010	fe8f0130dda1cb1f83651133d4bedf8b9eb411a99bcc99f8762e2182dc5f0862	fe8f0130dda1cb1f83651133d4bedf8b9eb411a99bcc99f8762e2182dc5f0862	
UploadFiles/xwzx/2025/12/202512011525082679.png	UploadFiles/xwzx/2025/12/202512011525082679.png	13692	280e3e93e1d6cc2de8aa96f08b3853c0718eb3902b7bedfee21b9b15bc3c56d0	280e3e93e1d6cc2de8aa96f08b3853c0718eb3902b7bedfee21b9b15bc3c56d0	
UploadFiles/xwzx/2025/12/202512011525303286.png	UploadFiles/xwzx/2025/12/202512011525303286.png	14754	00859bb0e9ae12146b454ef8fdcc600f78a0d3b0a706f2c39efee401c7f02a78	00859bb0e9ae12146b454ef8fdcc600f78a0d3b0a706f2c39efee401c7f02a78	
UploadFiles/xwzx/2025/12/202512011619095284.PNG	UploadFiles/xwzx/2025/12/202512011619095284.png	212704	55ab19a5b59b929e0788f3d38709d5270d90d5c87288aad0afe1fb65db32387e	55ab19a5b59b929e0788f3d38709d5270d90d5c87288aad0afe1fb65db32387e	
UploadFiles/xwzx/2025/12/202512011619104293.PNG	UploadFiles/xwzx/2025/12/202512011619104293.png	134199	27d5b33390958e6a3d43e7d2be95fc095098d304e5ececceceb5aac9287ff194	27d5b33390958e6a3d43e7d2be95fc095098d304e5ececceceb5aac9287ff194	
UploadFiles/xwzx/2025/12/202512020910394507.png	UploadFiles/xwzx/2025/12/202512020910394507.png	38001	b111fc7fea780dccebbc47960885738cd51728a0e480a9c08f2291228847e66e	b111fc7fea780dccebbc47960885738cd51728a0e480a9c08f2291228847e66e	
UploadFiles/xwzx/2025/12/202512020931119383.png	UploadFiles/xwzx/2025/12/202512020931119383.png	38078	148d0252f6fe171e9f14949dfb5c71969a709b9349d1dff0358ba91e67bf6ee9	148d0252f6fe171e9f14949dfb5c71969a709b9349d1dff0358ba91e67bf6ee9	
UploadFiles/xwzx/2025/12/202512020935111683.png	UploadFiles/xwzx/2025/12/202512020935111683.png	38415	e549fd538715ce487447e5b8d42e6be77281ed4a036d2a490ec3c6a0c9ab2c48	e549fd538715ce487447e5b8d42e6be77281ed4a036d2a490ec3c6a0c9ab2c48	
UploadFiles/xwzx/2025/12/202512021145513732.png	UploadFiles/xwzx/2025/12/202512021145513732.png	6556	2103bcc1936a86721a39d331d1cf6712efd972fce46e20e04eb973ea77e476b4	2103bcc1936a86721a39d331d1cf6712efd972fce46e20e04eb973ea77e476b4	
UploadFiles/xwzx/2025/12/202512021511038486.png	UploadFiles/xwzx/2025/12/202512021511038486.png	33496	d1bbf7dd0a82a440ff658d537eef0b40cc5280667ef731a2fa72c2ce1269c4c9	d1bbf7dd0a82a440ff658d537eef0b40cc5280667ef731a2fa72c2ce1269c4c9	
UploadFiles/xwzx/2025/12/202512021644570678.png	UploadFiles/xwzx/2025/12/202512021644570678.png	287680	678317445528a1ef1f5be3ce2705fe7f4d56748b106d39cfff0b59377184845b	678317445528a1ef1f5be3ce2705fe7f4d56748b106d39cfff0b59377184845b	
UploadFiles/xwzx/2025/12/202512031436486274.png	UploadFiles/xwzx/2025/12/202512031436486274.png	37330	ecd65880f5d09f96136e508073c7bc27de3bfd45b8de812fda02c4e2c5dae577	ecd65880f5d09f96136e508073c7bc27de3bfd45b8de812fda02c4e2c5dae577	
UploadFiles/xwzx/2025/12/202512041426527188.png	UploadFiles/xwzx/2025/12/202512041426527188.png	99596	388bc0f733363be439bdeecc324fc6ed0ca4a6fa24ff457ee101c605b6c30d2a	388bc0f733363be439bdeecc324fc6ed0ca4a6fa24ff457ee101c605b6c30d2a	
UploadFiles/xwzx/2025/12/202512041437126230.png	UploadFiles/xwzx/2025/12/202512041437126230.png	102926	983b7beb32552415f806227197d941fe6fa0a7642feb19a31086ff1be911ae9e	983b7beb32552415f806227197d941fe6fa0a7642feb19a31086ff1be911ae9e	
UploadFiles/xwzx/2025/12/202512041437251709.png	UploadFiles/xwzx/2025/12/202512041437251709.png	23165	4bab65ee38664304e71415fad99f0ccb33f7b8034b830cabb31fbfad78007958	4bab65ee38664304e71415fad99f0ccb33f7b8034b830cabb31fbfad78007958	
UploadFiles/xwzx/2025/12/202512041505054349.png	UploadFiles/xwzx/2025/12/202512041505054349.png	6332	04f2536ef989e0141a1818b85fe6d191aa99ecdfd1e90503fc98113a2172eeec	04f2536ef989e0141a1818b85fe6d191aa99ecdfd1e90503fc98113a2172eeec	
UploadFiles/xwzx/2025/12/202512041539276761.png	UploadFiles/xwzx/2025/12/202512041539276761.png	7695	b9b43b93fc858084caf30147c38d51c05440fe790c799ece76c6a0f70e8f953c	b9b43b93fc858084caf30147c38d51c05440fe790c799ece76c6a0f70e8f953c	
UploadFiles/xwzx/2025/12/202512041540545629.png	UploadFiles/xwzx/2025/12/202512041540545629.png	33424	081e262e77b2a6a99b50c2dfe90e134a7cde545f85956664a667a007e00df23a	081e262e77b2a6a99b50c2dfe90e134a7cde545f85956664a667a007e00df23a	
UploadFiles/xwzx/2025/12/202512050923537374.png	UploadFiles/xwzx/2025/12/202512050923537374.png	40777	f037c2c5a3210853aad0dbe9bd1a9c6cbba0b0440e10187718a5b2dba256aecf	f037c2c5a3210853aad0dbe9bd1a9c6cbba0b0440e10187718a5b2dba256aecf	
UploadFiles/xwzx/2025/12/202512051605362272.png	UploadFiles/xwzx/2025/12/202512051605362272.png	349200	b3030eda695143a55e66770108eb33706fb7ef4d0022be31829565f73ae7b4f7	b3030eda695143a55e66770108eb33706fb7ef4d0022be31829565f73ae7b4f7	
UploadFiles/xwzx/2025/12/202512051605369301.png	UploadFiles/xwzx/2025/12/202512051605369301.png	353072	c3c226f7f94052efc80e73b877dfbcb41628dee77ef9bc7287337189fa15f825	c3c226f7f94052efc80e73b877dfbcb41628dee77ef9bc7287337189fa15f825	
UploadFiles/xwzx/2025/12/202512061313571120.png	UploadFiles/xwzx/2025/12/202512061313571120.png	117348	6c44e174e2b151ceb18b17b57285476b567e344ca1186027e68d438c37206b88	6c44e174e2b151ceb18b17b57285476b567e344ca1186027e68d438c37206b88	
UploadFiles/xwzx/2025/12/202512080936589525.jpg	UploadFiles/xwzx/2025/12/202512080936589525.jpg	103704	92f9130a561af4c212534b49bff9f0ae31ca7dbc7cab329d4b1faea649f4ad96	92f9130a561af4c212534b49bff9f0ae31ca7dbc7cab329d4b1faea649f4ad96	
UploadFiles/xwzx/2025/12/202512080936590284.jpg	UploadFiles/xwzx/2025/12/202512080936590284.jpg	222922	3f385af132f44bac1ac06517e21287885e53a048a744f1b649f09ba9bf5aebd9	3f385af132f44bac1ac06517e21287885e53a048a744f1b649f09ba9bf5aebd9	
UploadFiles/xwzx/2025/12/202512080936597327.jpg	UploadFiles/xwzx/2025/12/202512080936597327.jpg	367394	58de334459170b53f9289cae69e7c4aa792a0f4ae9c5112aa2937f32225c4235	58de334459170b53f9289cae69e7c4aa792a0f4ae9c5112aa2937f32225c4235	
UploadFiles/xwzx/2025/12/202512080936598287.jpg	UploadFiles/xwzx/2025/12/202512080936598287.jpg	1466555	c5318dbbab7b93dc751bd858c3e8643f6808ecb70f5f65f5ae22e3202fbb6d66	c5318dbbab7b93dc751bd858c3e8643f6808ecb70f5f65f5ae22e3202fbb6d66	
UploadFiles/xwzx/2025/12/202512080937014152.jpg	UploadFiles/xwzx/2025/12/202512080937014152.jpg	6165954	0468cbbb90243efa834ffe01ca0103813764b632a1ecb9aaaf784588c96ad798	0468cbbb90243efa834ffe01ca0103813764b632a1ecb9aaaf784588c96ad798	
UploadFiles/xwzx/2025/12/202512080937014525.JPG	UploadFiles/xwzx/2025/12/202512080937014525.jpg	2227743	9b02d1a3d5f7d77d7b956f6d2dfcdd2c440bef2bbafa1d12c408f0e324df46b0	9b02d1a3d5f7d77d7b956f6d2dfcdd2c440bef2bbafa1d12c408f0e324df46b0	
UploadFiles/xwzx/2025/12/202512080943481861.png	UploadFiles/xwzx/2025/12/202512080943481861.png	34828	a0cdf992e14a88cc64293a1cc9b9bd56d9c40cb9174da1532e8db11a67d16b08	a0cdf992e14a88cc64293a1cc9b9bd56d9c40cb9174da1532e8db11a67d16b08	
UploadFiles/xwzx/2025/12/202512080945103508.png	UploadFiles/xwzx/2025/12/202512080945103508.png	2255952	03da5712af11f7c97b014a52c79c259bb1c2d99e44e7d19c1d49a3023c75d21b	03da5712af11f7c97b014a52c79c259bb1c2d99e44e7d19c1d49a3023c75d21b	
UploadFiles/xwzx/2025/12/202512080946114434.png	UploadFiles/xwzx/2025/12/202512080946114434.png	11830314	6599086df381e059e4718a72c306c4549872027226c6286c3ce5eeb59166e152	6599086df381e059e4718a72c306c4549872027226c6286c3ce5eeb59166e152	
UploadFiles/xwzx/2025/12/202512080947528375.png	UploadFiles/xwzx/2025/12/202512080947528375.png	11859019	c34b5be778001a2ccddcdfbe69f9ce519ee77c16f18b91973fc107cc5ea537fb	c34b5be778001a2ccddcdfbe69f9ce519ee77c16f18b91973fc107cc5ea537fb	
UploadFiles/xwzx/2025/12/202512080949301915.JPG	UploadFiles/xwzx/2025/12/202512080949301915.jpg	14665749	9471f14f04e3d74f5a9913433eda8324861db7cc738552c868b61b2fe779f939	9471f14f04e3d74f5a9913433eda8324861db7cc738552c868b61b2fe779f939	
UploadFiles/xwzx/2025/12/202512080950060608.JPG	UploadFiles/xwzx/2025/12/202512080950060608.jpg	15561981	9c2a9825b85460ada33ed5467d82985bbaeab7c5556321939aeffbf6a72bde86	9c2a9825b85460ada33ed5467d82985bbaeab7c5556321939aeffbf6a72bde86	
UploadFiles/xwzx/2025/12/202512080950116150.JPG	UploadFiles/xwzx/2025/12/202512080950116150.jpg	16197026	80b057434f9ed68282eee737a6dad15fa7f49aa10d1333364b4c744674ab2100	80b057434f9ed68282eee737a6dad15fa7f49aa10d1333364b4c744674ab2100	
UploadFiles/xwzx/2025/12/202512080950123620.JPG	UploadFiles/xwzx/2025/12/202512080950123620.jpg	15866329	f388d24781c6774072ef4033b1b5420ba26a711951d7ed2cf6211c50830a3f9b	f388d24781c6774072ef4033b1b5420ba26a711951d7ed2cf6211c50830a3f9b	
UploadFiles/xwzx/2025/12/202512080950158395.JPG	UploadFiles/xwzx/2025/12/202512080950158395.jpg	15953130	08ad2fa18d9cfc89d2824b8d04ac2330ce0fac76af29a9d5a17933c86342d346	08ad2fa18d9cfc89d2824b8d04ac2330ce0fac76af29a9d5a17933c86342d346	
UploadFiles/xwzx/2025/12/202512080950204753.JPG	UploadFiles/xwzx/2025/12/202512080950204753.jpg	16550085	8eb1e472e9d6979be8846fc834f4076bfb56ea836ec66a878b6296470c883afa	8eb1e472e9d6979be8846fc834f4076bfb56ea836ec66a878b6296470c883afa	
UploadFiles/xwzx/2025/12/202512080950255019.JPG	UploadFiles/xwzx/2025/12/202512080950255019.jpg	16198623	b31b46ac4c61590c5f20c1c512da48af9130102e774cfe35e8aa67c359e35520	b31b46ac4c61590c5f20c1c512da48af9130102e774cfe35e8aa67c359e35520	
UploadFiles/xwzx/2025/12/202512080950300201.JPG	UploadFiles/xwzx/2025/12/202512080950300201.jpg	15951714	843ef393b288ebd2e03b024b29985280116ec7824d0b7419c185a9ca582b8468	843ef393b288ebd2e03b024b29985280116ec7824d0b7419c185a9ca582b8468	
UploadFiles/xwzx/2025/12/202512080950319177.JPG	UploadFiles/xwzx/2025/12/202512080950319177.jpg	15949267	790041ba7d828720aed19d1a69c1e93b1cc03c18b42ea037913bf552c945cae6	790041ba7d828720aed19d1a69c1e93b1cc03c18b42ea037913bf552c945cae6	
UploadFiles/xwzx/2025/12/202512080950356917.JPG	UploadFiles/xwzx/2025/12/202512080950356917.jpg	15745238	0b891ecf93af94ac0be4c8740b4d4d906bfdddeb309121d5d555181e5351f311	0b891ecf93af94ac0be4c8740b4d4d906bfdddeb309121d5d555181e5351f311	
UploadFiles/xwzx/2025/12/202512080950421962.JPG	UploadFiles/xwzx/2025/12/202512080950421962.jpg	15477520	fe2ef34abd962d403f7c00d9c1c6263cf483fb93c91203058a54b791e8902bb7	fe2ef34abd962d403f7c00d9c1c6263cf483fb93c91203058a54b791e8902bb7	
UploadFiles/xwzx/2025/12/202512080950425222.JPG	UploadFiles/xwzx/2025/12/202512080950425222.jpg	15570530	eb4149d19249c43456dae8d3f5464fb231558a5f1b0dccf67ccfed74f9caa6e1	eb4149d19249c43456dae8d3f5464fb231558a5f1b0dccf67ccfed74f9caa6e1	
UploadFiles/xwzx/2025/12/202512080950500775.JPG	UploadFiles/xwzx/2025/12/202512080950500775.jpg	16463018	f5164c1fb665b4e1571b26a578b4f9effc5bdde555947f2810d5b72a1a2b6922	f5164c1fb665b4e1571b26a578b4f9effc5bdde555947f2810d5b72a1a2b6922	
UploadFiles/xwzx/2025/12/202512080950523793.JPG	UploadFiles/xwzx/2025/12/202512080950523793.jpg	15832388	debf70a3259cf696938d6e58134e11babef93f1a6620cd5206a4158d0e5e3384	debf70a3259cf696938d6e58134e11babef93f1a6620cd5206a4158d0e5e3384	
UploadFiles/xwzx/2025/12/202512080950534709.JPG	UploadFiles/xwzx/2025/12/202512080950534709.jpg	15910559	6c7f0379fbb563d711ee45b47082763c10a9b1733a1868ebb62979eb052d2eb8	6c7f0379fbb563d711ee45b47082763c10a9b1733a1868ebb62979eb052d2eb8	
UploadFiles/xwzx/2025/12/202512080950595173.JPG	UploadFiles/xwzx/2025/12/202512080950595173.jpg	15876914	e424ccbc225589aca9cfbaefe00ddc118e2eeccbb971f705c5c4d20d921111fb	e424ccbc225589aca9cfbaefe00ddc118e2eeccbb971f705c5c4d20d921111fb	
UploadFiles/xwzx/2025/12/202512080951041402.JPG	UploadFiles/xwzx/2025/12/202512080951041402.jpg	16198956	4bfcd3cca0c0d124d232147a242cf10d1716921f0a5b0c29e8a1f26c9d227e8a	4bfcd3cca0c0d124d232147a242cf10d1716921f0a5b0c29e8a1f26c9d227e8a	
UploadFiles/xwzx/2025/12/202512080951048539.JPG	UploadFiles/xwzx/2025/12/202512080951048539.jpg	16102300	e31fd67dcc7257febd157d24876768fb7a2d5a4cf2bc317cfd5d06ce222109bf	e31fd67dcc7257febd157d24876768fb7a2d5a4cf2bc317cfd5d06ce222109bf	
UploadFiles/xwzx/2025/12/202512080951082245.JPG	UploadFiles/xwzx/2025/12/202512080951082245.jpg	15141396	b60a924f73d167045229b26517df52e5175138b63fcc2914345e59eb7b68291b	b60a924f73d167045229b26517df52e5175138b63fcc2914345e59eb7b68291b	
UploadFiles/xwzx/2025/12/202512080951120382.JPG	UploadFiles/xwzx/2025/12/202512080951120382.jpg	15437268	7196305bb607af3e0cf0cd3638a12f75335d6ee462657c564fc5489b85c86af5	7196305bb607af3e0cf0cd3638a12f75335d6ee462657c564fc5489b85c86af5	
UploadFiles/xwzx/2025/12/202512080951197993.JPG	UploadFiles/xwzx/2025/12/202512080951197993.jpg	16065316	388155319f34824b4e84f838436e61c0bb215ad6fc00b279f2da380c033cf27b	388155319f34824b4e84f838436e61c0bb215ad6fc00b279f2da380c033cf27b	
UploadFiles/xwzx/2025/12/202512080951215582.JPG	UploadFiles/xwzx/2025/12/202512080951215582.jpg	16118858	327870d10470930ac859c5a4e3d0323d72c014f907aec901bfb54049fc76c4b9	327870d10470930ac859c5a4e3d0323d72c014f907aec901bfb54049fc76c4b9	
UploadFiles/xwzx/2025/12/202512080951231439.JPG	UploadFiles/xwzx/2025/12/202512080951231439.jpg	16114602	00b5ecd8498072c99fd360f04889dbef2f90e6a3061728d0c6c716cea0c3fbfd	00b5ecd8498072c99fd360f04889dbef2f90e6a3061728d0c6c716cea0c3fbfd	
UploadFiles/xwzx/2025/12/202512080951269110.JPG	UploadFiles/xwzx/2025/12/202512080951269110.jpg	15792734	218f9f14eb025bcc57ae2a0435c36fcbd6c487b8125b0a71e3a70ec73aea0533	218f9f14eb025bcc57ae2a0435c36fcbd6c487b8125b0a71e3a70ec73aea0533	
UploadFiles/xwzx/2025/12/202512080951331300.JPG	UploadFiles/xwzx/2025/12/202512080951331300.jpg	16573691	884eddb653c5ae73ea658ae57b089c8a498e208f689324ce43ea847ed8e4b2d4	884eddb653c5ae73ea658ae57b089c8a498e208f689324ce43ea847ed8e4b2d4	
UploadFiles/xwzx/2025/12/202512080951371035.JPG	UploadFiles/xwzx/2025/12/202512080951371035.jpg	14850799	41b9a6dcc80f48ae59a6e8b133ca96dc68c44f7a71893427b3000a0d7dd6bc62	41b9a6dcc80f48ae59a6e8b133ca96dc68c44f7a71893427b3000a0d7dd6bc62	
UploadFiles/xwzx/2025/12/202512080951393830.JPG	UploadFiles/xwzx/2025/12/202512080951393830.jpg	15677884	90c4760599d230ba598183859509e6f7749fc0194bc91a08180dda01b954d842	90c4760599d230ba598183859509e6f7749fc0194bc91a08180dda01b954d842	
UploadFiles/xwzx/2025/12/202512080951443321.JPG	UploadFiles/xwzx/2025/12/202512080951443321.jpg	16516091	0bd9c9993c0518b1162ba370df34f09ec9d5899c1bb2110dd95ee55f2d87d98a	0bd9c9993c0518b1162ba370df34f09ec9d5899c1bb2110dd95ee55f2d87d98a	
UploadFiles/xwzx/2025/12/202512080951468716.JPG	UploadFiles/xwzx/2025/12/202512080951468716.jpg	15571554	b86bc64d5a8cf25fdf73baa03db72bd19c0feb1ecf3192a852acd0fae32438f9	b86bc64d5a8cf25fdf73baa03db72bd19c0feb1ecf3192a852acd0fae32438f9	
UploadFiles/xwzx/2025/12/202512080951471476.JPG	UploadFiles/xwzx/2025/12/202512080951471476.jpg	15739025	02b2e9dae0e59d81c61ce8623b5e8004aaf56003043aaf694a900c7ce438f013	02b2e9dae0e59d81c61ce8623b5e8004aaf56003043aaf694a900c7ce438f013	
UploadFiles/xwzx/2025/12/202512080953511490.png	UploadFiles/xwzx/2025/12/202512080953511490.png	37446	595dbce69c6942ffaa7e88744e30d6291c08e4df28e3d99759f601558e6c7a03	595dbce69c6942ffaa7e88744e30d6291c08e4df28e3d99759f601558e6c7a03	
UploadFiles/xwzx/2025/12/202512080957270436.png	UploadFiles/xwzx/2025/12/202512080957270436.png	33656	a69c334d7ea080ce2c5059908b6137c85fa2f16fd5e2ef01a16d7248920c33b5	a69c334d7ea080ce2c5059908b6137c85fa2f16fd5e2ef01a16d7248920c33b5	
UploadFiles/xwzx/2025/12/202512081450379870.png	UploadFiles/xwzx/2025/12/202512081450379870.png	35693	93c45bf0be1a7c0cb45b082c3435e35ee0408b8ec00452bb85a5ec747642aab9	93c45bf0be1a7c0cb45b082c3435e35ee0408b8ec00452bb85a5ec747642aab9	
UploadFiles/xwzx/2025/12/202512081453427549.png	UploadFiles/xwzx/2025/12/202512081453427549.png	35455	6bb754cb1a3cb8d5ffc3b38fd167b20b1aced7cee30b6503f2c517745236a2c8	6bb754cb1a3cb8d5ffc3b38fd167b20b1aced7cee30b6503f2c517745236a2c8	
UploadFiles/xwzx/2025/12/202512081455094451.png	UploadFiles/xwzx/2025/12/202512081455094451.png	37794	086f6a82380380647a049f0f008acadf1dd1f68336fa98ad3b33fc64e6db7b7c	086f6a82380380647a049f0f008acadf1dd1f68336fa98ad3b33fc64e6db7b7c	
UploadFiles/xwzx/2025/12/202512091650253240.png	UploadFiles/xwzx/2025/12/202512091650253240.png	33731	238554ae955f1f32c51842589950894492979776f8de46d2e12aaccc595fd657	238554ae955f1f32c51842589950894492979776f8de46d2e12aaccc595fd657	
UploadFiles/xwzx/2025/12/202512091656022627.png	UploadFiles/xwzx/2025/12/202512091656022627.png	34842	a8936d5c94650631bf364a55c9a7910aede36a1cea3ce0defee90abf930142cd	a8936d5c94650631bf364a55c9a7910aede36a1cea3ce0defee90abf930142cd	
UploadFiles/xwzx/2025/12/202512101623306231.png	UploadFiles/xwzx/2025/12/202512101623306231.png	33979	286e1fb9e7e87aa067f364a79df6d0a6c7484368cf2d0ea3c5bb6d58a257b830	286e1fb9e7e87aa067f364a79df6d0a6c7484368cf2d0ea3c5bb6d58a257b830	
UploadFiles/xwzx/2025/12/202512111602026832.png	UploadFiles/xwzx/2025/12/202512111602026832.png	38827	4c0515053e1c0a9d39fde68f88605adb63683940a8815a5dc4556ddfeec17597	4c0515053e1c0a9d39fde68f88605adb63683940a8815a5dc4556ddfeec17597	
UploadFiles/xwzx/2025/12/202512111602303540.png	UploadFiles/xwzx/2025/12/202512111602303540.png	33798	1792c1c6de8db05644f34b5a84ea1a3dc4629ea619c1da28eabdfc6bee6f7206	1792c1c6de8db05644f34b5a84ea1a3dc4629ea619c1da28eabdfc6bee6f7206	
UploadFiles/xwzx/2025/12/202512111821281176.png	UploadFiles/xwzx/2025/12/202512111821281176.png	68363	b6079fce333f2a90bda9bf8952eb746773d88c4ca487d4b515f4f8d5c01a021f	b6079fce333f2a90bda9bf8952eb746773d88c4ca487d4b515f4f8d5c01a021f	
UploadFiles/xwzx/2025/12/202512121622542750.png	UploadFiles/xwzx/2025/12/202512121622542750.png	33959	8428c9370541f0f73ae151699c19a259278c718f22a8808b76a23d1f6bc1f8c0	8428c9370541f0f73ae151699c19a259278c718f22a8808b76a23d1f6bc1f8c0	
UploadFiles/xwzx/2025/12/202512131102201973.png	UploadFiles/xwzx/2025/12/202512131102201973.png	70563	aaedec36b2ef96e917256ce56b61267413cf8c6f6f8960e5d329151434bd1fc8	aaedec36b2ef96e917256ce56b61267413cf8c6f6f8960e5d329151434bd1fc8	
UploadFiles/xwzx/2025/12/202512131102203994.png	UploadFiles/xwzx/2025/12/202512131102203994.png	192081	ecef473793e211114c42f3396422330b0003b216c742617b1ff77044bfdaa7d0	ecef473793e211114c42f3396422330b0003b216c742617b1ff77044bfdaa7d0	
UploadFiles/xwzx/2025/12/202512150852597019.png	UploadFiles/xwzx/2025/12/202512150852597019.png	19786	a46cba4f5a0c9b5cbd5a04f4edfe139ab2272065afa78c4193f88550a0ae4c2c	a46cba4f5a0c9b5cbd5a04f4edfe139ab2272065afa78c4193f88550a0ae4c2c	
UploadFiles/xwzx/2025/12/202512151030064469.png	UploadFiles/xwzx/2025/12/202512151030064469.png	10141	6421e62ca10a5dfd2df44b051f292fd97106dc4bf8f17e72cbdc9e2a89e44f53	6421e62ca10a5dfd2df44b051f292fd97106dc4bf8f17e72cbdc9e2a89e44f53	
UploadFiles/xwzx/2025/12/202512151030069253.png	UploadFiles/xwzx/2025/12/202512151030069253.png	7869	306264655fb79babe693dc797c072664f0948d2c13f1b4d8e65c88b96315a35e	306264655fb79babe693dc797c072664f0948d2c13f1b4d8e65c88b96315a35e	
UploadFiles/xwzx/2025/12/202512151030095517.JPG	UploadFiles/xwzx/2025/12/202512151030095517.jpg	7908452	34e52f50ae1c98b5bd304751078af6154aeb7f22fe117ffb399eabb333181fbc	34e52f50ae1c98b5bd304751078af6154aeb7f22fe117ffb399eabb333181fbc	
UploadFiles/xwzx/2025/12/202512151030120197.JPG	UploadFiles/xwzx/2025/12/202512151030120197.jpg	8042550	bd2e37853ab9c75031760838db3be5118527a1ac77ea78a9a70c028647565817	bd2e37853ab9c75031760838db3be5118527a1ac77ea78a9a70c028647565817	
UploadFiles/xwzx/2025/12/202512151030157125.JPG	UploadFiles/xwzx/2025/12/202512151030157125.jpg	8195725	c3f6f2315275330e32a3dd14d2786c12150c2704e906c3d7d1e8d5e96eaad411	c3f6f2315275330e32a3dd14d2786c12150c2704e906c3d7d1e8d5e96eaad411	
UploadFiles/xwzx/2025/12/202512151030176845.JPG	UploadFiles/xwzx/2025/12/202512151030176845.jpg	6952427	ed0fc0f1576031b2f1818819c8aa76870130612ac275e12fa0b761e283c699e9	ed0fc0f1576031b2f1818819c8aa76870130612ac275e12fa0b761e283c699e9	
UploadFiles/xwzx/2025/12/202512151030181247.JPG	UploadFiles/xwzx/2025/12/202512151030181247.jpg	6543480	d453a1fc91607de25acc1f04f1e698040c89c702e9e191dd51f5dec7e6039ac5	d453a1fc91607de25acc1f04f1e698040c89c702e9e191dd51f5dec7e6039ac5	
UploadFiles/xwzx/2025/12/202512151030226699.JPG	UploadFiles/xwzx/2025/12/202512151030226699.jpg	7720570	0a83f275b9f3722673c1c3ad309ba3889bc4f189cbc0d1c985f358376b70653a	0a83f275b9f3722673c1c3ad309ba3889bc4f189cbc0d1c985f358376b70653a	
UploadFiles/xwzx/2025/12/202512151030263165.JPG	UploadFiles/xwzx/2025/12/202512151030263165.jpg	8237397	1e3d8d938bbbb12eef38bef947bc0ed730308a66273beff7cf80ba2356cf8ec1	1e3d8d938bbbb12eef38bef947bc0ed730308a66273beff7cf80ba2356cf8ec1	
UploadFiles/xwzx/2025/12/202512151030294697.JPG	UploadFiles/xwzx/2025/12/202512151030294697.jpg	23360302	f6981f1548a2cce1d142fe6167f8b3d2bfe75a49378490e1ea8a674c315bbcb6	f6981f1548a2cce1d142fe6167f8b3d2bfe75a49378490e1ea8a674c315bbcb6	
UploadFiles/xwzx/2025/12/202512151030296265.JPG	UploadFiles/xwzx/2025/12/202512151030296265.jpg	6959344	21a23e006400b4bc79c586cf974cf033ca7fd6f7b0c18209f2731702a14ef1d3	21a23e006400b4bc79c586cf974cf033ca7fd6f7b0c18209f2731702a14ef1d3	
UploadFiles/xwzx/2025/12/202512151030341315.JPG	UploadFiles/xwzx/2025/12/202512151030341315.jpg	9324035	109864ccfd2f0335ebd6cbac3969e49789eef5cf67f54eeff5485d0b7fd10ba6	109864ccfd2f0335ebd6cbac3969e49789eef5cf67f54eeff5485d0b7fd10ba6	
UploadFiles/xwzx/2025/12/202512151030345895.JPG	UploadFiles/xwzx/2025/12/202512151030345895.jpg	6922458	6210aaa89aab0cd02c78cabc2552a573af8d516ecbeb4914cc705b7446204ca3	6210aaa89aab0cd02c78cabc2552a573af8d516ecbeb4914cc705b7446204ca3	
UploadFiles/xwzx/2025/12/202512151030357560.JPG	UploadFiles/xwzx/2025/12/202512151030357560.jpg	8335109	0ac62416e3680616603b6410409846a1a55a68219a080eab271a954bca0f948e	0ac62416e3680616603b6410409846a1a55a68219a080eab271a954bca0f948e	
UploadFiles/xwzx/2025/12/202512151030388012.JPG	UploadFiles/xwzx/2025/12/202512151030388012.jpg	8074440	24f5c84cff216d1457906f58450fa0fcf28e651852f579b721a50d8a7d1bdec7	24f5c84cff216d1457906f58450fa0fcf28e651852f579b721a50d8a7d1bdec7	
UploadFiles/xwzx/2025/12/202512151030440929.JPG	UploadFiles/xwzx/2025/12/202512151030440929.jpg	7602973	ce43b16154bbcb10ec8b26eba0e1fc5dc1cb5e6bfa1763be2d97567880fb4398	ce43b16154bbcb10ec8b26eba0e1fc5dc1cb5e6bfa1763be2d97567880fb4398	
UploadFiles/xwzx/2025/12/202512151030445239.JPG	UploadFiles/xwzx/2025/12/202512151030445239.jpg	8484797	ee67f149c64f0d84713cd2b083e71c1b6852567342b0cf4d1a67ef45709eb4b7	ee67f149c64f0d84713cd2b083e71c1b6852567342b0cf4d1a67ef45709eb4b7	
UploadFiles/xwzx/2025/12/202512151030455415.JPG	UploadFiles/xwzx/2025/12/202512151030455415.jpg	7855671	df216fbe9f1b95fe4f33568a6d7c8eb9f4b9652d7db245bed6c51f5cf1c73801	df216fbe9f1b95fe4f33568a6d7c8eb9f4b9652d7db245bed6c51f5cf1c73801	
UploadFiles/xwzx/2025/12/202512151030495610.JPG	UploadFiles/xwzx/2025/12/202512151030495610.jpg	7046492	f985b0606d0bf628d902cde6fc5746f1b43d6de9ab1143d9123b5eda56cdcbac	f985b0606d0bf628d902cde6fc5746f1b43d6de9ab1143d9123b5eda56cdcbac	
UploadFiles/xwzx/2025/12/202512151030509693.JPG	UploadFiles/xwzx/2025/12/202512151030509693.jpg	8043971	5bbd674a90710b5f3c30e79fdd55f43ccf4d607ab392826c1735694e5c36d25a	5bbd674a90710b5f3c30e79fdd55f43ccf4d607ab392826c1735694e5c36d25a	
UploadFiles/xwzx/2025/12/202512151030512862.JPG	UploadFiles/xwzx/2025/12/202512151030512862.jpg	7787240	e4fa4b91e6f986bcb0f6a3831bd293e0717c87e8550c1f6c875231f7a9ee2761	e4fa4b91e6f986bcb0f6a3831bd293e0717c87e8550c1f6c875231f7a9ee2761	
UploadFiles/xwzx/2025/12/202512151030525418.JPG	UploadFiles/xwzx/2025/12/202512151030525418.jpg	7089816	4b82f35a80e48d51b90fbd07b8cb31e91310cb8fb53d15a063a3fadbb3966699	4b82f35a80e48d51b90fbd07b8cb31e91310cb8fb53d15a063a3fadbb3966699	
UploadFiles/xwzx/2025/12/202512151030565565.JPG	UploadFiles/xwzx/2025/12/202512151030565565.jpg	8118914	0bd6d5ac2da0e45bc378364b5e2568632cd0c230d9a770e0a19e5379a64bf15f	0bd6d5ac2da0e45bc378364b5e2568632cd0c230d9a770e0a19e5379a64bf15f	
UploadFiles/xwzx/2025/12/202512151030590455.JPG	UploadFiles/xwzx/2025/12/202512151030590455.jpg	7804686	e490fd133fa223a5431d3d882b6b99bf27dd04419120b2469b7447ea5efc0f91	e490fd133fa223a5431d3d882b6b99bf27dd04419120b2469b7447ea5efc0f91	
UploadFiles/xwzx/2025/12/202512151031083012.JPG	UploadFiles/xwzx/2025/12/202512151031083012.jpg	22658626	a96f943e9caab09f1aaa39f76f920d717888019fb016f1d1139270605c2c39de	a96f943e9caab09f1aaa39f76f920d717888019fb016f1d1139270605c2c39de	
UploadFiles/xwzx/2025/12/202512151031104006.JPG	UploadFiles/xwzx/2025/12/202512151031104006.jpg	22541062	9cf3365859ab9fadadf400fb2f7fa713940a212178d9ae1501bb3ff5f3ed4aa5	9cf3365859ab9fadadf400fb2f7fa713940a212178d9ae1501bb3ff5f3ed4aa5	
UploadFiles/xwzx/2025/12/202512151035132690.png	UploadFiles/xwzx/2025/12/202512151035132690.png	37681	8ee190b0b3d8f5632cae351f2a56fddac561ba5a76b033e2a24f5390bac66fa0	8ee190b0b3d8f5632cae351f2a56fddac561ba5a76b033e2a24f5390bac66fa0	
UploadFiles/xwzx/2025/12/202512151035160891.jpg	UploadFiles/xwzx/2025/12/202512151035160891.jpg	2543159	08dc4462b41e66d65930c6c533bf48b16d2c4b71a4b16c2b2a94ca675acb61f9	08dc4462b41e66d65930c6c533bf48b16d2c4b71a4b16c2b2a94ca675acb61f9	
UploadFiles/xwzx/2025/12/202512151035164511.png	UploadFiles/xwzx/2025/12/202512151035164511.png	424966	d3928f3dc6b6c8a7cc1a1ae13ef3e1473122169e3f9ce22f1d92d415c29734d9	d3928f3dc6b6c8a7cc1a1ae13ef3e1473122169e3f9ce22f1d92d415c29734d9	
UploadFiles/xwzx/2025/12/202512151035203040.JPG	UploadFiles/xwzx/2025/12/202512151035203040.jpg	15237632	cdfb08f2c58431585bdf5035ca71265ca0c802b82019c0cbbcd5dedd6bc5bb16	cdfb08f2c58431585bdf5035ca71265ca0c802b82019c0cbbcd5dedd6bc5bb16	
UploadFiles/xwzx/2025/12/202512151035421530.png	UploadFiles/xwzx/2025/12/202512151035421530.png	370160	f87846cdbec92540e0625a1a53be1d7e9a41775a9272a265a8b025d06281c035	f87846cdbec92540e0625a1a53be1d7e9a41775a9272a265a8b025d06281c035	
UploadFiles/xwzx/2025/12/202512151035431569.jpg	UploadFiles/xwzx/2025/12/202512151035431569.jpg	1275656	a50abc56dc2954589382603faca0a05f5e377b0e36fb572aff4afecbedcb02a5	a50abc56dc2954589382603faca0a05f5e377b0e36fb572aff4afecbedcb02a5	
UploadFiles/xwzx/2025/12/202512151035435782.jpg	UploadFiles/xwzx/2025/12/202512151035435782.jpg	1781103	4fc2fb0e2a3b9b3a03cec1ce6b7a1e9a2298db75d4a4ca7d31b5e43779d2b5e8	4fc2fb0e2a3b9b3a03cec1ce6b7a1e9a2298db75d4a4ca7d31b5e43779d2b5e8	
UploadFiles/xwzx/2025/12/202512151035438541.JPG	UploadFiles/xwzx/2025/12/202512151035438541.jpg	1054865	b358b492c42e84a93252e65e422088d309b1a84d2d0f495cc5ab0977be67c04d	b358b492c42e84a93252e65e422088d309b1a84d2d0f495cc5ab0977be67c04d	
UploadFiles/xwzx/2025/12/202512151035447998.png	UploadFiles/xwzx/2025/12/202512151035447998.png	349670	5456951a8eda4e7e278e3aa4c07f811749ac65a91fbf5a25fdb821d9324971e1	5456951a8eda4e7e278e3aa4c07f811749ac65a91fbf5a25fdb821d9324971e1	
UploadFiles/xwzx/2025/12/202512151035454313.jpg	UploadFiles/xwzx/2025/12/202512151035454313.jpg	2072825	b7575803ef9aa23a519aa45935d533bcc797e824072dc84bd604aaba48a8bcf2	b7575803ef9aa23a519aa45935d533bcc797e824072dc84bd604aaba48a8bcf2	
UploadFiles/xwzx/2025/12/202512151035454442.jpg	UploadFiles/xwzx/2025/12/202512151035454442.jpg	2916745	bafe707b812a7fa8ed232a244411b91e8f27adec76712226a5be36bda41ce6d4	bafe707b812a7fa8ed232a244411b91e8f27adec76712226a5be36bda41ce6d4	
UploadFiles/xwzx/2025/12/202512151035455039.jpg	UploadFiles/xwzx/2025/12/202512151035455039.jpg	1354602	cb484546d3aa95d9ae9d05c3b2f25f96350baf18da88bafeace7e4405aefda1b	cb484546d3aa95d9ae9d05c3b2f25f96350baf18da88bafeace7e4405aefda1b	
UploadFiles/xwzx/2025/12/202512151035456019.jpg	UploadFiles/xwzx/2025/12/202512151035456019.jpg	519318	a3a5cdbdf8bc8d692e6f29ba0eff70b09ea0a63f505b02585b31a2cd2c2c19b1	a3a5cdbdf8bc8d692e6f29ba0eff70b09ea0a63f505b02585b31a2cd2c2c19b1	
UploadFiles/xwzx/2025/12/202512151035472888.jpg	UploadFiles/xwzx/2025/12/202512151035472888.jpg	2298355	017c42780eb1c54ad83026a9da2388b490b5a07740d5055178fe7275c8b4c2fd	017c42780eb1c54ad83026a9da2388b490b5a07740d5055178fe7275c8b4c2fd	
UploadFiles/xwzx/2025/12/202512151035476087.jpg	UploadFiles/xwzx/2025/12/202512151035476087.jpg	4635269	b970c5953d7ed26c02d5479a9aac816e59297c5ac03410d79bf6a0575671bd39	b970c5953d7ed26c02d5479a9aac816e59297c5ac03410d79bf6a0575671bd39	
UploadFiles/xwzx/2025/12/202512151036059263.png	UploadFiles/xwzx/2025/12/202512151036059263.png	458865	e5d9d400c153f1c35ddd1eca0624de0fd7da4879e76cdf41eca3f2e32fa94b0a	e5d9d400c153f1c35ddd1eca0624de0fd7da4879e76cdf41eca3f2e32fa94b0a	
UploadFiles/xwzx/2025/12/202512151036069733.jpg	UploadFiles/xwzx/2025/12/202512151036069733.jpg	3925642	9df33a73ca2ead44fa76d0a4dd7be24a0ee8e86c9d4981f436f51c94372fe58d	9df33a73ca2ead44fa76d0a4dd7be24a0ee8e86c9d4981f436f51c94372fe58d	
UploadFiles/xwzx/2025/12/202512151036090550.JPG	UploadFiles/xwzx/2025/12/202512151036090550.jpg	16332344	f4ef4169ad81dc506b46535e4f52f495cd727b830101c6e9af26a723810b0dd3	f4ef4169ad81dc506b46535e4f52f495cd727b830101c6e9af26a723810b0dd3	
UploadFiles/xwzx/2025/12/202512151036261453.JPG	UploadFiles/xwzx/2025/12/202512151036261453.jpg	12777505	30cbecf34eb66c56495b335270fc58ff53ed797c57231f68ef4a4a38fb87b466	30cbecf34eb66c56495b335270fc58ff53ed797c57231f68ef4a4a38fb87b466	
UploadFiles/xwzx/2025/12/202512151036470168.JPG	UploadFiles/xwzx/2025/12/202512151036470168.jpg	12560161	19a76ae2bbebd8de9f050b4c03570791cb581c5eaeb4a4cd010ff79e1a8d8fcb	19a76ae2bbebd8de9f050b4c03570791cb581c5eaeb4a4cd010ff79e1a8d8fcb	
UploadFiles/xwzx/2025/12/202512151036554224.JPG	UploadFiles/xwzx/2025/12/202512151036554224.jpg	11912486	346f8a26c7d6f437e8c0b65d9175b294b062e5fadc418a30d4f3666c2702a33a	346f8a26c7d6f437e8c0b65d9175b294b062e5fadc418a30d4f3666c2702a33a	
UploadFiles/xwzx/2025/12/202512151036566967.JPG	UploadFiles/xwzx/2025/12/202512151036566967.jpg	14447571	1f9fa5a6ce67a9fe8b36cf14699faf759d98089a2d82a89a0ffa82ad080201af	1f9fa5a6ce67a9fe8b36cf14699faf759d98089a2d82a89a0ffa82ad080201af	
UploadFiles/xwzx/2025/12/202512151036571266.JPG	UploadFiles/xwzx/2025/12/202512151036571266.jpg	13351232	2452ae681f1e60407b5c957ab88751990def4631d46b4cbe2602974bf8de21f2	2452ae681f1e60407b5c957ab88751990def4631d46b4cbe2602974bf8de21f2	
UploadFiles/xwzx/2025/12/202512151037162501.png	UploadFiles/xwzx/2025/12/202512151037162501.png	38241	5d4021c270c95f923396018c0191566e1f4071ddb7a5fd7a65916dc1d44e8c7d	5d4021c270c95f923396018c0191566e1f4071ddb7a5fd7a65916dc1d44e8c7d	
UploadFiles/xwzx/2025/12/202512151037228127.JPG	UploadFiles/xwzx/2025/12/202512151037228127.jpg	15267013	d21284043f7ae86410804631700e4eb05631c88168c9be6d07d9c2bcf47b013f	d21284043f7ae86410804631700e4eb05631c88168c9be6d07d9c2bcf47b013f	
UploadFiles/xwzx/2025/12/202512151037269720.JPG	UploadFiles/xwzx/2025/12/202512151037269720.jpg	15019944	b2d771419a4dbe9e578e8832ae983a66914703d6edc87e74d8c353f33f74a23e	b2d771419a4dbe9e578e8832ae983a66914703d6edc87e74d8c353f33f74a23e	
UploadFiles/xwzx/2025/12/202512151053394691.png	UploadFiles/xwzx/2025/12/202512151053394691.png	73971	c63b8171575b08371ce1b9723094c7bdded0b61353681f84b7b24f7d4fa33abf	c63b8171575b08371ce1b9723094c7bdded0b61353681f84b7b24f7d4fa33abf	
UploadFiles/xwzx/2025/12/202512151053396006.png	UploadFiles/xwzx/2025/12/202512151053396006.png	112339	02f2cb25fb4db52b9718bbf54cc93ccb27809353ee9fd544787d227589060a4c	02f2cb25fb4db52b9718bbf54cc93ccb27809353ee9fd544787d227589060a4c	
UploadFiles/xwzx/2025/12/202512151322547637.png	UploadFiles/xwzx/2025/12/202512151322547637.png	758845	854f566bfccf06293e4535784ba2afba87f52ef8608e8b46690b57ebee393902	854f566bfccf06293e4535784ba2afba87f52ef8608e8b46690b57ebee393902	
UploadFiles/xwzx/2025/12/202512151323322345.png	UploadFiles/xwzx/2025/12/202512151323322345.png	255694	b06a76057666bae731a466221870ea1facfb1228a05f2da2c3a38ad84606fcdb	b06a76057666bae731a466221870ea1facfb1228a05f2da2c3a38ad84606fcdb	
UploadFiles/xwzx/2025/12/202512151323323726.png	UploadFiles/xwzx/2025/12/202512151323323726.png	1341228	e64b92dbb0624d95acbbd4c942859cc5bc08c84d95f3ace98abdc7b725f3580d	e64b92dbb0624d95acbbd4c942859cc5bc08c84d95f3ace98abdc7b725f3580d	
UploadFiles/xwzx/2025/12/202512151323325017.png	UploadFiles/xwzx/2025/12/202512151323325017.png	396145	1a63fdc5095eb641ecc81f7860fe03dd6f3f99178a6f90b9291909756f24ada2	1a63fdc5095eb641ecc81f7860fe03dd6f3f99178a6f90b9291909756f24ada2	
UploadFiles/xwzx/2025/12/202512151414125741.png	UploadFiles/xwzx/2025/12/202512151414125741.png	39249	29bffac54eb80def951d3a64918dcc44f4296455e6275ac35e2f99b571a928cd	29bffac54eb80def951d3a64918dcc44f4296455e6275ac35e2f99b571a928cd	
UploadFiles/xwzx/2025/12/202512151415441375.png	UploadFiles/xwzx/2025/12/202512151415441375.png	36060	c2ac93787ee9413ba67bc119991acaf05cc0567fb983acc276200ab7142cb09d	c2ac93787ee9413ba67bc119991acaf05cc0567fb983acc276200ab7142cb09d	
UploadFiles/xwzx/2025/12/202512151609091748.jpg	UploadFiles/xwzx/2025/12/202512151609091748.jpg	420201	90402dfe8e7d41fe535d53957e56a2d927a77db7d619ddfe31aaf34e4ed6831d	90402dfe8e7d41fe535d53957e56a2d927a77db7d619ddfe31aaf34e4ed6831d	
UploadFiles/xwzx/2025/12/202512151609095349.png	UploadFiles/xwzx/2025/12/202512151609095349.png	37181	8fb48c4118f2a2df36a67f0ae03b36de9791bc028b318e8c08bceb587cb04377	8fb48c4118f2a2df36a67f0ae03b36de9791bc028b318e8c08bceb587cb04377	
UploadFiles/xwzx/2025/12/202512151609099737.jpg	UploadFiles/xwzx/2025/12/202512151609099737.jpg	245463	f4dd0e9ac7d534fe83967afdc709db00a85abfc2c3ce53b30b57b1e58d495ebb	f4dd0e9ac7d534fe83967afdc709db00a85abfc2c3ce53b30b57b1e58d495ebb	
UploadFiles/xwzx/2025/12/202512161039497697.png	UploadFiles/xwzx/2025/12/202512161039497697.png	7672	469f73dc003a7f343d7bc27941ed1253909c6568bcfbb22171b61919df6c6983	469f73dc003a7f343d7bc27941ed1253909c6568bcfbb22171b61919df6c6983	
UploadFiles/xwzx/2025/12/202512161040179235.png	UploadFiles/xwzx/2025/12/202512161040179235.png	7750	e09c6663773a101e7dc8bf23b227e9fea6abef5656f9887f8ed2061ccc591848	e09c6663773a101e7dc8bf23b227e9fea6abef5656f9887f8ed2061ccc591848	
UploadFiles/xwzx/2025/12/202512161637357098.png	UploadFiles/xwzx/2025/12/202512161637357098.png	36890	7be44ec7875242c4027fab4060532943b9a42c79cbdcc9d4476c0d7ec332504b	7be44ec7875242c4027fab4060532943b9a42c79cbdcc9d4476c0d7ec332504b	
UploadFiles/xwzx/2025/12/202512161638159425.png	UploadFiles/xwzx/2025/12/202512161638159425.png	34015	8448f71d6af1a81e63f336c7a8773c5092ac0009a51914718b44bf46b0c3431f	8448f71d6af1a81e63f336c7a8773c5092ac0009a51914718b44bf46b0c3431f	
UploadFiles/xwzx/2025/12/202512171619147812.png	UploadFiles/xwzx/2025/12/202512171619147812.png	39407	f67cd4570f24cf5a958ad2e16a92063e73de3884bb1e0a275bae6cda399a67b4	f67cd4570f24cf5a958ad2e16a92063e73de3884bb1e0a275bae6cda399a67b4	
UploadFiles/xwzx/2025/12/202512171619403553.png	UploadFiles/xwzx/2025/12/202512171619403553.png	34122	856d13c0bff907d0d828011ee2fe398b75776f093835f15e842a59ccd7537b52	856d13c0bff907d0d828011ee2fe398b75776f093835f15e842a59ccd7537b52	
UploadFiles/xwzx/2025/12/202512181255284583.png	UploadFiles/xwzx/2025/12/202512181255284583.png	44133	45a1409c6ab0c1bd5f35568308f7139f9002e8f561742993540999688be2730f	45a1409c6ab0c1bd5f35568308f7139f9002e8f561742993540999688be2730f	
UploadFiles/xwzx/2025/12/202512181255287295.png	UploadFiles/xwzx/2025/12/202512181255287295.png	319134	7dc066ac56000258f80d316fb7d0257269318399440e01dbd266e70459ed8e97	7dc066ac56000258f80d316fb7d0257269318399440e01dbd266e70459ed8e97	
UploadFiles/xwzx/2025/12/202512190828365679.png	UploadFiles/xwzx/2025/12/202512190828365679.png	39791	c8935d1b8ef861d7acdb10b3eab62d907bf4e85ff5eb9bcf8fb221d4ff027ea4	c8935d1b8ef861d7acdb10b3eab62d907bf4e85ff5eb9bcf8fb221d4ff027ea4	
UploadFiles/xwzx/2025/12/202512190833192125.jpeg	UploadFiles/xwzx/2025/12/202512190833192125.jpeg	1008972	b45d0b354a89b59c4dffcaccb2ddbcfbc3e9eaa3412baa4584ae8d3aeda4c5b3	b45d0b354a89b59c4dffcaccb2ddbcfbc3e9eaa3412baa4584ae8d3aeda4c5b3	
UploadFiles/xwzx/2025/12/202512190833197618.jpg	UploadFiles/xwzx/2025/12/202512190833197618.jpg	2442646	401b1bc47f7ccc72aaea22cd3a45334b4b300a85927fd70ce2c0c55abdc0811e	401b1bc47f7ccc72aaea22cd3a45334b4b300a85927fd70ce2c0c55abdc0811e	
UploadFiles/xwzx/2025/12/202512190833197821.jpg	UploadFiles/xwzx/2025/12/202512190833197821.jpg	5210358	9df6f585ea3696a3acc75e09e131a7f5b6a20d5e7a68c92016759d9d5cf20300	9df6f585ea3696a3acc75e09e131a7f5b6a20d5e7a68c92016759d9d5cf20300	
UploadFiles/xwzx/2025/12/202512190833202078.jpg	UploadFiles/xwzx/2025/12/202512190833202078.jpg	7398399	51458784447b89dc361e9e10e2807e62f2b58fc3637ffb4f40652e08893932c0	51458784447b89dc361e9e10e2807e62f2b58fc3637ffb4f40652e08893932c0	
UploadFiles/xwzx/2025/12/202512190833207635.jpg	UploadFiles/xwzx/2025/12/202512190833207635.jpg	4953928	b7c6d579a716e6a942f0370637af553638766237c98162e06661ddfac8e80397	b7c6d579a716e6a942f0370637af553638766237c98162e06661ddfac8e80397	
UploadFiles/xwzx/2025/12/202512190845430653.png	UploadFiles/xwzx/2025/12/202512190845430653.png	581403	5a5ee2ac3f9bb9f904d7e5a807220d8ebff905e1f8eb44fd95c6b6a0dc5cc4a4	5a5ee2ac3f9bb9f904d7e5a807220d8ebff905e1f8eb44fd95c6b6a0dc5cc4a4	
UploadFiles/xwzx/2025/12/202512190845431776.png	UploadFiles/xwzx/2025/12/202512190845431776.png	1056600	67baca037db53e91da21695dfec952278e08807f8076363b680e00179d4db858	67baca037db53e91da21695dfec952278e08807f8076363b680e00179d4db858	
UploadFiles/xwzx/2025/12/202512190845436876.png	UploadFiles/xwzx/2025/12/202512190845436876.png	1348295	662f1159ce2a6fc878370336ac338226bd06396a22e43d9f5e0561ec712f8e2d	662f1159ce2a6fc878370336ac338226bd06396a22e43d9f5e0561ec712f8e2d	
UploadFiles/xwzx/2025/12/202512190845447520.png	UploadFiles/xwzx/2025/12/202512190845447520.png	1116133	e1ea5d8641ff5e44172c5593aa8287f542d6808e26ba08eb4c36f2bc10967bfb	e1ea5d8641ff5e44172c5593aa8287f542d6808e26ba08eb4c36f2bc10967bfb	
UploadFiles/xwzx/2025/12/202512190913124495.png	UploadFiles/xwzx/2025/12/202512190913124495.png	13652	efe11f423f0deb47ab36dc2da3f0a026ee78c2ebc991928817f223bd45b45706	efe11f423f0deb47ab36dc2da3f0a026ee78c2ebc991928817f223bd45b45706	
UploadFiles/xwzx/2025/12/202512191531373860.png	UploadFiles/xwzx/2025/12/202512191531373860.png	328436	3e1892c25d5095e7d58cbc2aa90c3b336a035c0d65a4ac157165b7fe4b3b7f44	3e1892c25d5095e7d58cbc2aa90c3b336a035c0d65a4ac157165b7fe4b3b7f44	
UploadFiles/xwzx/2025/12/202512191531381633.png	UploadFiles/xwzx/2025/12/202512191531381633.png	208310	69ab7b339b0d3d6aac4375729ab4e6a4b76b7cafe0a74604365f0c8b9e3586cd	69ab7b339b0d3d6aac4375729ab4e6a4b76b7cafe0a74604365f0c8b9e3586cd	
UploadFiles/xwzx/2025/12/202512191531503162.png	UploadFiles/xwzx/2025/12/202512191531503162.png	271144	34430d420b77206bdf13c02e40b25120cd32b96d8d63886a63b864fd44e8abf8	34430d420b77206bdf13c02e40b25120cd32b96d8d63886a63b864fd44e8abf8	
UploadFiles/xwzx/2025/12/202512191531507648.png	UploadFiles/xwzx/2025/12/202512191531507648.png	267389	dfaaaedf1ba8ac14e65afca0e9f8e168366764cb2ddb4a0aebcacedf698d591f	dfaaaedf1ba8ac14e65afca0e9f8e168366764cb2ddb4a0aebcacedf698d591f	
UploadFiles/xwzx/2025/12/202512191531509262.png	UploadFiles/xwzx/2025/12/202512191531509262.png	221944	db82856ae1ab2312a0ad5801afa240036bd73e784db23348c89f66f5c2348bb7	db82856ae1ab2312a0ad5801afa240036bd73e784db23348c89f66f5c2348bb7	
UploadFiles/xwzx/2025/12/202512191531515052.png	UploadFiles/xwzx/2025/12/202512191531515052.png	236866	76e0700772bbfd7e6e0566e391a1c30f24916e2198d6c30b15c93daed4ee232c	76e0700772bbfd7e6e0566e391a1c30f24916e2198d6c30b15c93daed4ee232c	
UploadFiles/xwzx/2025/12/202512191657105605.png	UploadFiles/xwzx/2025/12/202512191657105605.png	35827	881fd9ef1f5f6b3b1b460754d8cec7adf9b8b15962a972b563226f49e554d4ca	881fd9ef1f5f6b3b1b460754d8cec7adf9b8b15962a972b563226f49e554d4ca	
UploadFiles/xwzx/2025/12/202512191657530740.png	UploadFiles/xwzx/2025/12/202512191657530740.png	34281	355a29eff08bc37fdd180e900368f77a4ceaf3ad15db63e609c8ad425527f930	355a29eff08bc37fdd180e900368f77a4ceaf3ad15db63e609c8ad425527f930	
UploadFiles/xwzx/2025/12/202512200948483921.png	UploadFiles/xwzx/2025/12/202512200948483921.png	175306	af282ed1dda7bf96b0e85b745145d88739ae897c044d7961c9291aa99073926b	af282ed1dda7bf96b0e85b745145d88739ae897c044d7961c9291aa99073926b	
UploadFiles/xwzx/2025/12/202512221025533225.png	UploadFiles/xwzx/2025/12/202512221025533225.png	344525	9ca27e69b7633d14144d5339a845ff5fdb79c4909caa9529ed7fd9f93ae8c083	9ca27e69b7633d14144d5339a845ff5fdb79c4909caa9529ed7fd9f93ae8c083	
UploadFiles/xwzx/2025/12/202512221439448764.png	UploadFiles/xwzx/2025/12/202512221439448764.png	40331	a8c97eaa9a4e681ac58270534550e99ee2d95e70ee86b53a5f030294b6c9d262	a8c97eaa9a4e681ac58270534550e99ee2d95e70ee86b53a5f030294b6c9d262	
UploadFiles/xwzx/2025/12/202512221441297989.png	UploadFiles/xwzx/2025/12/202512221441297989.png	33848	3e240e4430578ea3eb0c67a8b34bb13f7a886aba9bcbfc890e2308e26653d43a	3e240e4430578ea3eb0c67a8b34bb13f7a886aba9bcbfc890e2308e26653d43a	
UploadFiles/xwzx/2025/12/202512221605323600.png	UploadFiles/xwzx/2025/12/202512221605323600.png	310927	ee9ff6d33689e2e483ef330cefb6ad1c4fe6780ece206aecdecec1e9ebbdf4e2	ee9ff6d33689e2e483ef330cefb6ad1c4fe6780ece206aecdecec1e9ebbdf4e2	
UploadFiles/xwzx/2025/12/202512221647469753.png	UploadFiles/xwzx/2025/12/202512221647469753.png	310927	ee9ff6d33689e2e483ef330cefb6ad1c4fe6780ece206aecdecec1e9ebbdf4e2	ee9ff6d33689e2e483ef330cefb6ad1c4fe6780ece206aecdecec1e9ebbdf4e2	
UploadFiles/xwzx/2025/12/202512232001174665.JPG	UploadFiles/xwzx/2025/12/202512232001174665.jpg	528540	9330680d39d6ea22899f7b4df3cfe7635e44d62135b0a4aee90fd37d61c37298	9330680d39d6ea22899f7b4df3cfe7635e44d62135b0a4aee90fd37d61c37298	
UploadFiles/xwzx/2025/12/202512232001209974.JPG	UploadFiles/xwzx/2025/12/202512232001209974.jpg	5778238	849af5cc8991ca227bd3f4a9b7958b7a5c427c84ee0e18974aaa639d67e3745f	849af5cc8991ca227bd3f4a9b7958b7a5c427c84ee0e18974aaa639d67e3745f	
UploadFiles/xwzx/2025/12/202512232001228966.jpg	UploadFiles/xwzx/2025/12/202512232001228966.jpg	5133494	b7ebcd6e69c89cabeef51700a491f0872074b97ce2e5bdc4d9478b1fd0a69f09	b7ebcd6e69c89cabeef51700a491f0872074b97ce2e5bdc4d9478b1fd0a69f09	
UploadFiles/xwzx/2025/12/202512232001245240.JPG	UploadFiles/xwzx/2025/12/202512232001245240.jpg	4687718	829650111a30d62b6a5181bda9af3f82e33393ee8d5495d9743ba20f88e7798c	829650111a30d62b6a5181bda9af3f82e33393ee8d5495d9743ba20f88e7798c	
UploadFiles/xwzx/2025/12/202512232001269352.JPG	UploadFiles/xwzx/2025/12/202512232001269352.jpg	7757608	b88dfbacd68669cadfb6cd007cf81b555d60ab8bda59b402d61a215620035112	b88dfbacd68669cadfb6cd007cf81b555d60ab8bda59b402d61a215620035112	
UploadFiles/xwzx/2025/12/202512232001271949.JPG	UploadFiles/xwzx/2025/12/202512232001271949.jpg	6140470	67f1a56e4e5be1a512c93709b363d822b2a4e6c706501775db78816a5a7b4ac1	67f1a56e4e5be1a512c93709b363d822b2a4e6c706501775db78816a5a7b4ac1	
UploadFiles/xwzx/2025/12/202512232001288246.JPG	UploadFiles/xwzx/2025/12/202512232001288246.jpg	6624592	1ca7cc7483f2144375470805742b0223de73ee0a62242d005ce6e038c1ac0c65	1ca7cc7483f2144375470805742b0223de73ee0a62242d005ce6e038c1ac0c65	
UploadFiles/xwzx/2025/12/202512232001290938.jpg	UploadFiles/xwzx/2025/12/202512232001290938.jpg	3120618	a3f5183400c8f0d944b18dd17c8610ea888ed90414a43964b13f1d96e0c1c9d5	a3f5183400c8f0d944b18dd17c8610ea888ed90414a43964b13f1d96e0c1c9d5	
UploadFiles/xwzx/2025/12/202512232001297900.JPG	UploadFiles/xwzx/2025/12/202512232001297900.jpg	2003409	215f0030fa1c1fcbf0b3ee305e5efe7e5a674d22aed93e3b07bd1ee2a6cdbc33	215f0030fa1c1fcbf0b3ee305e5efe7e5a674d22aed93e3b07bd1ee2a6cdbc33	
UploadFiles/xwzx/2025/12/202512232001331633.jpg	UploadFiles/xwzx/2025/12/202512232001331633.jpg	4225292	3ce9423a4b2cbe1b963f5bc6d5fca3399a0c06f87003d99fa2f8c7c82dab6737	3ce9423a4b2cbe1b963f5bc6d5fca3399a0c06f87003d99fa2f8c7c82dab6737	
UploadFiles/xwzx/2025/12/202512232001340969.JPG	UploadFiles/xwzx/2025/12/202512232001340969.jpg	7994859	9299ecf0eedbf1bcb74ab6b487046fb3386e282537e90e533aab746829c24dfc	9299ecf0eedbf1bcb74ab6b487046fb3386e282537e90e533aab746829c24dfc	
UploadFiles/xwzx/2025/12/202512232001398771.JPG	UploadFiles/xwzx/2025/12/202512232001398771.jpg	15935067	2f48edd508693cd2804b9c17136643bc0342b2044427a120b5baee7361c759f0	2f48edd508693cd2804b9c17136643bc0342b2044427a120b5baee7361c759f0	
UploadFiles/xwzx/2025/12/202512232001399199.JPG	UploadFiles/xwzx/2025/12/202512232001399199.jpg	6309806	fc508cb10d12f4d8698496c31f45ba5b88d8255f94ac87f9762df51343d7fb78	fc508cb10d12f4d8698496c31f45ba5b88d8255f94ac87f9762df51343d7fb78	
UploadFiles/xwzx/2025/12/202512232001469185.JPG	UploadFiles/xwzx/2025/12/202512232001469185.jpg	9343750	57c9ae7a1ca0c59a5cd24cb403af0f91e5be6343e14635b1f1b88ed17c9b8bce	57c9ae7a1ca0c59a5cd24cb403af0f91e5be6343e14635b1f1b88ed17c9b8bce	
UploadFiles/xwzx/2025/12/202512232001492777.JPG	UploadFiles/xwzx/2025/12/202512232001492777.jpg	5294848	0dfbbd8dadb4542bd49328f28259a413f2837d14c20cb8f15dde4753dc579042	0dfbbd8dadb4542bd49328f28259a413f2837d14c20cb8f15dde4753dc579042	
UploadFiles/xwzx/2025/12/202512232001514169.JPG	UploadFiles/xwzx/2025/12/202512232001514169.jpg	15939661	268d22b4fd958c5c5a547f4438f3991821a2b7428379234d0a95c1d7358aa092	268d22b4fd958c5c5a547f4438f3991821a2b7428379234d0a95c1d7358aa092	
UploadFiles/xwzx/2025/12/202512232001519555.JPG	UploadFiles/xwzx/2025/12/202512232001519555.jpg	4836489	787c8eadc52a1da8b9475e3662c1570f74d620ee07098463bd014c4d1b97bb2e	787c8eadc52a1da8b9475e3662c1570f74d620ee07098463bd014c4d1b97bb2e	
UploadFiles/xwzx/2025/12/202512232001538583.JPG	UploadFiles/xwzx/2025/12/202512232001538583.jpg	16243547	2530c7f864325972e02687e962b0a725f026b31c12fdd32d8e147d2c8d72c1ab	2530c7f864325972e02687e962b0a725f026b31c12fdd32d8e147d2c8d72c1ab	
UploadFiles/xwzx/2025/12/202512232001540222.JPG	UploadFiles/xwzx/2025/12/202512232001540222.jpg	5200884	89c7f97854e4599f6c927ac1b30b9e9064f0421759630b020bd2acd2e595f233	89c7f97854e4599f6c927ac1b30b9e9064f0421759630b020bd2acd2e595f233	
UploadFiles/xwzx/2025/12/202512232001542597.JPG	UploadFiles/xwzx/2025/12/202512232001542597.jpg	3905137	680677a0f11791d4643b692d75f8b1835a99bcceba7425714359c48ccc243c9b	680677a0f11791d4643b692d75f8b1835a99bcceba7425714359c48ccc243c9b	
UploadFiles/xwzx/2025/12/202512232001562570.JPG	UploadFiles/xwzx/2025/12/202512232001562570.jpg	4403530	470293c94ccff5693624932e0c34adf557bf431d8b543dcf58f1ca14b664e7fa	470293c94ccff5693624932e0c34adf557bf431d8b543dcf58f1ca14b664e7fa	
UploadFiles/xwzx/2025/12/202512232001591864.JPG	UploadFiles/xwzx/2025/12/202512232001591864.jpg	5672751	6089dc357a092862fc2ec0c48c31c686ff5809e4986aa6b6ddea808a7fbce8eb	6089dc357a092862fc2ec0c48c31c686ff5809e4986aa6b6ddea808a7fbce8eb	
UploadFiles/xwzx/2025/12/202512232001592909.JPG	UploadFiles/xwzx/2025/12/202512232001592909.jpg	3925299	5e0efa251563dd747c38df2cd340b36b20383abe450af5a102386d6ff55e76fe	5e0efa251563dd747c38df2cd340b36b20383abe450af5a102386d6ff55e76fe	
UploadFiles/xwzx/2025/12/202512232002009589.JPG	UploadFiles/xwzx/2025/12/202512232002009589.jpg	5105171	69bcfa6f931c4af16567cc0f9571c92795810f4a7b8e581adbee3321a42c0661	69bcfa6f931c4af16567cc0f9571c92795810f4a7b8e581adbee3321a42c0661	
UploadFiles/xwzx/2025/12/202512232002033793.JPG	UploadFiles/xwzx/2025/12/202512232002033793.jpg	5549421	53fba86e2c071fa87d364cb7ec9f449d269f529fe612017b6e97ae4e19d79fbe	53fba86e2c071fa87d364cb7ec9f449d269f529fe612017b6e97ae4e19d79fbe	
UploadFiles/xwzx/2025/12/202512232002045313.JPG	UploadFiles/xwzx/2025/12/202512232002045313.jpg	5329744	97d4c9c25c5d2fa6c870d33b7be94421318ffd296caf8a6f4ec10f800b362139	97d4c9c25c5d2fa6c870d33b7be94421318ffd296caf8a6f4ec10f800b362139	
UploadFiles/xwzx/2025/12/202512232002058417.JPG	UploadFiles/xwzx/2025/12/202512232002058417.jpg	4896288	d7847c30dc32741c7c0f6f9c59573f526f507a5868064d53b653136549970ce3	d7847c30dc32741c7c0f6f9c59573f526f507a5868064d53b653136549970ce3	
UploadFiles/xwzx/2025/12/202512232002098636.JPG	UploadFiles/xwzx/2025/12/202512232002098636.jpg	4890352	29bb1024a94ab60684e5dd5c7808a4023f0f0113c140cbc345424440ed911fdf	29bb1024a94ab60684e5dd5c7808a4023f0f0113c140cbc345424440ed911fdf	
UploadFiles/xwzx/2025/12/202512232002107049.JPG	UploadFiles/xwzx/2025/12/202512232002107049.jpg	10010428	1cb0d7375695f521669e637b9867763fd7a221144bc3199160ce3f74292161f0	1cb0d7375695f521669e637b9867763fd7a221144bc3199160ce3f74292161f0	
UploadFiles/xwzx/2025/12/202512232002113579.JPG	UploadFiles/xwzx/2025/12/202512232002113579.jpg	4888684	a3efa8469e77edadf11c705324d45332a0c1f3c06e1adb29e7b9b5a95fb200b6	a3efa8469e77edadf11c705324d45332a0c1f3c06e1adb29e7b9b5a95fb200b6	
UploadFiles/xwzx/2025/12/202512232002134640.JPG	UploadFiles/xwzx/2025/12/202512232002134640.jpg	5784690	e5cbe7c8224f7fa470512cde2ec4941034f458274fa7e545906a88e9d2d19e03	e5cbe7c8224f7fa470512cde2ec4941034f458274fa7e545906a88e9d2d19e03	
UploadFiles/xwzx/2025/12/202512232002158434.JPG	UploadFiles/xwzx/2025/12/202512232002158434.jpg	4704464	d176aefd722add4f91f9d1f02886f39d22a809115ba49139bbbadd42d72e3ac9	d176aefd722add4f91f9d1f02886f39d22a809115ba49139bbbadd42d72e3ac9	
UploadFiles/xwzx/2025/12/202512232002184384.JPG	UploadFiles/xwzx/2025/12/202512232002184384.jpg	8742651	e9b567723e30fa8e6ce1a422f24a7984aa912aa8cfdc60020f4d8aedcb34935b	e9b567723e30fa8e6ce1a422f24a7984aa912aa8cfdc60020f4d8aedcb34935b	
UploadFiles/xwzx/2025/12/202512232002185519.JPG	UploadFiles/xwzx/2025/12/202512232002185519.jpg	6675121	880219d757ab4436de153b06ee117345aab3695e900e8846fe746ec7b9c9b75d	880219d757ab4436de153b06ee117345aab3695e900e8846fe746ec7b9c9b75d	
UploadFiles/xwzx/2025/12/202512232002233418.JPG	UploadFiles/xwzx/2025/12/202512232002233418.jpg	10521143	3476ef5c66dcb569e8ca98a4ee93b704537640cc93e018a5ac3eac1156f2fbf3	3476ef5c66dcb569e8ca98a4ee93b704537640cc93e018a5ac3eac1156f2fbf3	
UploadFiles/xwzx/2025/12/202512232002267305.JPG	UploadFiles/xwzx/2025/12/202512232002267305.jpg	8404552	de59dbe252427774bb7cda5fd736748e2c627e29d0bad2bb8d585d3f1f758be5	de59dbe252427774bb7cda5fd736748e2c627e29d0bad2bb8d585d3f1f758be5	
UploadFiles/xwzx/2025/12/202512232002275068.JPG	UploadFiles/xwzx/2025/12/202512232002275068.jpg	8569012	b16e12ceafaf9ba20668c0204988c990efa4dc90c6b39487305a12c49d5ac6c0	b16e12ceafaf9ba20668c0204988c990efa4dc90c6b39487305a12c49d5ac6c0	
UploadFiles/xwzx/2025/12/202512232002331857.JPG	UploadFiles/xwzx/2025/12/202512232002331857.jpg	12225657	d5279c856d115f079192d1fef8f1201922c9ad8b63b99e7fbe8d3f2fbcc76077	d5279c856d115f079192d1fef8f1201922c9ad8b63b99e7fbe8d3f2fbcc76077	
UploadFiles/xwzx/2025/12/202512232002340099.JPG	UploadFiles/xwzx/2025/12/202512232002340099.jpg	9805574	8cc66bda07190a9e0488ffc80a05f886b1188b320615d2af522c5c6a98cdb50f	8cc66bda07190a9e0488ffc80a05f886b1188b320615d2af522c5c6a98cdb50f	
UploadFiles/xwzx/2025/12/202512232002349144.JPG	UploadFiles/xwzx/2025/12/202512232002349144.jpg	9141205	3d98150b433008069c00bcdc01c206f43149e9e6b7bd02ba27b00de10b88628e	3d98150b433008069c00bcdc01c206f43149e9e6b7bd02ba27b00de10b88628e	
UploadFiles/xwzx/2025/12/202512232002380725.JPG	UploadFiles/xwzx/2025/12/202512232002380725.jpg	7898623	ce538bce671151080d1ff2c683cd0a65c6c9183604d3fc5b421f4f31383591f7	ce538bce671151080d1ff2c683cd0a65c6c9183604d3fc5b421f4f31383591f7	
UploadFiles/xwzx/2025/12/202512232002417811.JPG	UploadFiles/xwzx/2025/12/202512232002417811.jpg	8542610	017abd5b8ee8075c9a1589a0508af5d5d0869b48b2e7e16ce6f02f86f079f391	017abd5b8ee8075c9a1589a0508af5d5d0869b48b2e7e16ce6f02f86f079f391	
UploadFiles/xwzx/2025/12/202512232002448559.JPG	UploadFiles/xwzx/2025/12/202512232002448559.jpg	9356326	635c16603703a2139e3b28ecbc8294db3f8cf79e096b9195a23f1cb34e017828	635c16603703a2139e3b28ecbc8294db3f8cf79e096b9195a23f1cb34e017828	
UploadFiles/xwzx/2025/12/202512232002494810.JPG	UploadFiles/xwzx/2025/12/202512232002494810.jpg	11099165	a9a93e4f987f95a06db210b05c7026abb8342cb623f4407eb56187d319874166	a9a93e4f987f95a06db210b05c7026abb8342cb623f4407eb56187d319874166	
UploadFiles/xwzx/2025/12/202512232002496958.JPG	UploadFiles/xwzx/2025/12/202512232002496958.jpg	8809709	c1c13df8fa8a7d41d1cd6fb9c927203f066a80019771f8f1af6f550b36612d12	c1c13df8fa8a7d41d1cd6fb9c927203f066a80019771f8f1af6f550b36612d12	
UploadFiles/xwzx/2025/12/202512232002507426.JPG	UploadFiles/xwzx/2025/12/202512232002507426.jpg	9023828	24a671fa6199919ce8d3320a30889aa833347a8e7e267f08571f325884c2bc5a	24a671fa6199919ce8d3320a30889aa833347a8e7e267f08571f325884c2bc5a	
UploadFiles/xwzx/2025/12/202512232002527135.JPG	UploadFiles/xwzx/2025/12/202512232002527135.jpg	5696439	f109312bd7f0d1378a8c207d5186567bb9309ae35e03e0609d39669e1c67bfd8	f109312bd7f0d1378a8c207d5186567bb9309ae35e03e0609d39669e1c67bfd8	
UploadFiles/xwzx/2025/12/202512232002546292.JPG	UploadFiles/xwzx/2025/12/202512232002546292.jpg	4777270	c0aee5da2d49692f292876d4deb158a1c5e9e37ad5fe4ee0bd6e7fc150cbc5d7	c0aee5da2d49692f292876d4deb158a1c5e9e37ad5fe4ee0bd6e7fc150cbc5d7	
UploadFiles/xwzx/2025/12/202512232002559770.JPG	UploadFiles/xwzx/2025/12/202512232002559770.jpg	5054775	b630d4d0daa859f5dd52f01477986349b5ac9b49d8974489dff67f6280df00d2	b630d4d0daa859f5dd52f01477986349b5ac9b49d8974489dff67f6280df00d2	
UploadFiles/xwzx/2025/12/202512232002571486.JPG	UploadFiles/xwzx/2025/12/202512232002571486.jpg	5808710	8478ca64e0dfc30466b2a51333727a2a762c77a4c5dda5c7e0a256d8aa6e2513	8478ca64e0dfc30466b2a51333727a2a762c77a4c5dda5c7e0a256d8aa6e2513	
UploadFiles/xwzx/2025/12/202512232003008405.JPG	UploadFiles/xwzx/2025/12/202512232003008405.jpg	7599020	98e0ff0bd42386d60e653b8d26a61bd18e70b82bc5e6416c6b122eaa90080b1c	98e0ff0bd42386d60e653b8d26a61bd18e70b82bc5e6416c6b122eaa90080b1c	
UploadFiles/xwzx/2025/12/202512232003012631.JPG	UploadFiles/xwzx/2025/12/202512232003012631.jpg	8892625	22e4c2821981087a5e3c4b51c2e8ded722af3caedc1fc64ff6542bc596bdadcf	22e4c2821981087a5e3c4b51c2e8ded722af3caedc1fc64ff6542bc596bdadcf	
UploadFiles/xwzx/2025/12/202512232003018820.JPG	UploadFiles/xwzx/2025/12/202512232003018820.jpg	6633880	b7405ab4f605914cb3c6e48c55e833c2e5cc2bf7b6afe8fb87701316a601faf1	b7405ab4f605914cb3c6e48c55e833c2e5cc2bf7b6afe8fb87701316a601faf1	
UploadFiles/xwzx/2025/12/202512232003036675.JPG	UploadFiles/xwzx/2025/12/202512232003036675.jpg	5619430	f16eddb43b3ceca42196c6eca69c7a2c229cbd0b4fde7a371ee069752e4411d0	f16eddb43b3ceca42196c6eca69c7a2c229cbd0b4fde7a371ee069752e4411d0	
UploadFiles/xwzx/2025/12/202512241520005029.png	UploadFiles/xwzx/2025/12/202512241520005029.png	35064	da003bfb20a1f81de380d708f5db2043979a7b89091cd57ebac205df9514cb90	da003bfb20a1f81de380d708f5db2043979a7b89091cd57ebac205df9514cb90	
UploadFiles/xwzx/2025/12/202512241522250824.png	UploadFiles/xwzx/2025/12/202512241522250824.png	36628	238f821687bde081cd56cbf951ea2558d2ba0917cef7302cb75b7438b5bd7c64	238f821687bde081cd56cbf951ea2558d2ba0917cef7302cb75b7438b5bd7c64	
UploadFiles/xwzx/2025/12/202512251133190133.png	UploadFiles/xwzx/2025/12/202512251133190133.png	24251	eae13c47a4b3193f94c2ce99e9d694b9c82ae00861dee4b4310c94ca95308839	eae13c47a4b3193f94c2ce99e9d694b9c82ae00861dee4b4310c94ca95308839	
UploadFiles/xwzx/2025/12/202512251559294926.png	UploadFiles/xwzx/2025/12/202512251559294926.png	35466	e9ebe1dbf011bafe5d4671d73ba6346d5bafa47363ccec259b2208ff63a8ea24	e9ebe1dbf011bafe5d4671d73ba6346d5bafa47363ccec259b2208ff63a8ea24	
UploadFiles/xwzx/2025/12/202512251604275290.png	UploadFiles/xwzx/2025/12/202512251604275290.png	33831	841c972f8db0b30c1b3756e991650c8c8c5a5c0ccae7c9551e6be6fee2974e9c	841c972f8db0b30c1b3756e991650c8c8c5a5c0ccae7c9551e6be6fee2974e9c	
UploadFiles/xwzx/2025/12/202512261610018342.png	UploadFiles/xwzx/2025/12/202512261610018342.png	40933	ef841b172e8d2b89409569309a3d6571c9b26498b5866ac039f581c628ec821e	ef841b172e8d2b89409569309a3d6571c9b26498b5866ac039f581c628ec821e	
UploadFiles/xwzx/2025/12/202512261610460020.png	UploadFiles/xwzx/2025/12/202512261610460020.png	33794	2cc5782740cf964e5a6cd70b9280310e9e4740be9ad9c6c91d3cab3944000d20	2cc5782740cf964e5a6cd70b9280310e9e4740be9ad9c6c91d3cab3944000d20	
UploadFiles/xwzx/2025/12/202512291110178308.png	UploadFiles/xwzx/2025/12/202512291110178308.png	18883	96bf5db3df34e4e986664b20ef44f521b3b5614ff42a870b7a19e7308bbb49a0	96bf5db3df34e4e986664b20ef44f521b3b5614ff42a870b7a19e7308bbb49a0	
UploadFiles/xwzx/2025/12/202512291358530969.png	UploadFiles/xwzx/2025/12/202512291358530969.png	402916	2195338fbe9735ae2f1be9b8d448e362f2dfc9cb052408f6e491b6c895a5ab89	2195338fbe9735ae2f1be9b8d448e362f2dfc9cb052408f6e491b6c895a5ab89	
UploadFiles/xwzx/2025/12/202512291411196953.png	UploadFiles/xwzx/2025/12/202512291411196953.png	39384	86d35275dc677069f9915a7467fb5576786237a7a221780a835b15f7a9abdd51	86d35275dc677069f9915a7467fb5576786237a7a221780a835b15f7a9abdd51	
UploadFiles/xwzx/2025/12/202512291415070231.png	UploadFiles/xwzx/2025/12/202512291415070231.png	35383	a2b5ae55c916cd695d2b30238741a8fd7c7f9f185834e01524f672fbcead544f	a2b5ae55c916cd695d2b30238741a8fd7c7f9f185834e01524f672fbcead544f	
UploadFiles/xwzx/2025/12/202512300842599609.png	UploadFiles/xwzx/2025/12/202512300842599609.png	608620	ff0197a2974f3d533f4ce3db45cd0f39c06aaa4d021b8356304cee4af74b5b09	ff0197a2974f3d533f4ce3db45cd0f39c06aaa4d021b8356304cee4af74b5b09	
UploadFiles/xwzx/2025/12/202512300843000709.png	UploadFiles/xwzx/2025/12/202512300843000709.png	277679	25270b2bfc80074dd7c721934bd85e5dfa70a24bd6952928df813a2f8d38d48d	25270b2bfc80074dd7c721934bd85e5dfa70a24bd6952928df813a2f8d38d48d	
UploadFiles/xwzx/2025/12/202512300843004632.png	UploadFiles/xwzx/2025/12/202512300843004632.png	3143700	65f14d03890193368e5ecf4e1e7454d7f1e23ac56d4b6bcfe9b957ea907965f5	65f14d03890193368e5ecf4e1e7454d7f1e23ac56d4b6bcfe9b957ea907965f5	
UploadFiles/xwzx/2025/12/202512300843009132.jpeg	UploadFiles/xwzx/2025/12/202512300843009132.jpeg	947001	85ef03b33c436e6efa79bd6de297a9b2dbb212cb68cd5429667cf7598dbb7759	85ef03b33c436e6efa79bd6de297a9b2dbb212cb68cd5429667cf7598dbb7759	
UploadFiles/xwzx/2025/12/202512300843011363.jpg	UploadFiles/xwzx/2025/12/202512300843011363.jpg	15721328	39168b3d1efdbed0d58bf25fc39b9fed507dfa8191ab1ed3d3c2da4d6152ae95	39168b3d1efdbed0d58bf25fc39b9fed507dfa8191ab1ed3d3c2da4d6152ae95	
UploadFiles/xwzx/2025/12/202512300843018996.JPG	UploadFiles/xwzx/2025/12/202512300843018996.jpg	7854129	1aef01e96eb42e2a1a92f1a395d27e59f5552c009ef268d37f7ed950b89bc159	1aef01e96eb42e2a1a92f1a395d27e59f5552c009ef268d37f7ed950b89bc159	
UploadFiles/xwzx/2025/12/202512301506558118.png	UploadFiles/xwzx/2025/12/202512301506558118.png	36134	3e027821392664bb6114c68fb71749353f887e5d70157d683e0412e7c30b1f26	3e027821392664bb6114c68fb71749353f887e5d70157d683e0412e7c30b1f26	
UploadFiles/xwzx/2025/12/202512301617195043.png	UploadFiles/xwzx/2025/12/202512301617195043.png	68401	d9286d3fa5a9d20adf75dbe24f375dce18853677aad2dec9c47dfdea1aaec808	d9286d3fa5a9d20adf75dbe24f375dce18853677aad2dec9c47dfdea1aaec808	
UploadFiles/xwzx/2025/12/202512311120467008.png	UploadFiles/xwzx/2025/12/202512311120467008.png	135418	0e2b8ec182f5932ebc3f95d6c388069e6a4d0e4ff196894971bcd6e04344a3ae	0e2b8ec182f5932ebc3f95d6c388069e6a4d0e4ff196894971bcd6e04344a3ae	
UploadFiles/xwzx/2025/12/202512311544194899.png	UploadFiles/xwzx/2025/12/202512311544194899.png	34782	53dd75fc315517f3f740a0041a4e9365ef0fe0c9b925bdf7fbc495b375d68e90	53dd75fc315517f3f740a0041a4e9365ef0fe0c9b925bdf7fbc495b375d68e90	
